,i11,i12,i13,i14,i21,i22,i23,i24,i31,i32,i33,i34
1,0.419730904,0.531826034,-1.524221531,-1.580269096,0.476359693,0.572275169,-1.475682569,-1.523640307,0.473670646,0.57035442,-1.477987467,-1.526329354
2,2.146188817,1.834447154,-0.009682014,0.146188817,1.643384348,1.475301105,-0.440657274,-0.356615652,1.39739404,1.299593742,-0.651506109,-0.60260596
3,0.839812831,0.813955284,-1.173115943,-1.160187169,1.834265017,1.524278274,-0.320728355,-0.165734983,-0.161529738,0.098710592,-2.031409573,-2.161529738
4,1.801225585,1.709042344,-0.244866036,-0.198774415,0.873002296,1.046025709,-1.040485997,-1.126997704,2.732319596,2.374109495,0.553214545,0.732319596
5,0.618055335,0.755425906,-1.31325938,-1.381944665,0.588285622,0.734161825,-1.338776277,-1.411714378,1.276835214,1.225982962,-0.748590912,-0.723164786
6,1.610716743,1.365900383,-0.511691437,-0.389283257,1.400413654,1.215683892,-0.691951227,-0.599586346,0.452899898,0.538888352,-1.504105875,-1.547100102
7,1.426768731,1.346614441,-0.613308414,-0.573231269,1.353596554,1.2943486,-0.676027423,-0.646403446,1.424079876,1.34469383,-0.615613147,-0.575920124
8,0.832408617,0.943576844,-1.112007269,-1.167591383,2.110211534,1.856293213,-0.016747626,0.110211534,0.948048037,1.02617643,-1.012887766,-1.051951963
9,1.52122974,1.421659645,-0.528555308,-0.47877026,0.154783781,0.445626816,-1.699794701,-1.845216219,2.140954614,1.864320269,0.002637441,0.140954614
10,1.399332615,1.259061435,-0.670802975,-0.600667385,0.867243491,0.878997774,-1.126879368,-1.132756509,1.023268506,0.990444214,-0.99314364,-0.976731494
11,0.706057756,0.919622498,-1.187159873,-1.293942244,0.947655784,1.092192517,-0.980075849,-1.052344216,2.081028838,1.901744699,-0.008613232,0.081028838
12,0.398749857,0.603950747,-1.498649698,-1.601250143,0.315984589,0.544832698,-1.569591356,-1.684015411,1.351298162,1.284342393,-0.682179722,-0.648701838
13,0.376100338,0.501108192,-1.561395735,-1.623899662,-0.427639397,-0.072991619,-2.250315508,-2.427639397,0.907999294,0.881036018,-1.105482344,-1.092000706
14,0.922040965,0.754483556,-1.161737739,-1.077959035,0.721793011,0.611449303,-1.333378843,-1.278206989,-0.660506505,-0.375907494,-2.518206999,-2.660506505
15,0.54078342,0.768410807,-1.345402887,-1.45921658,1.699216249,1.595862828,-0.352460462,-0.300783751,1.315075257,1.321476405,-0.681724169,-0.684924743
16,1.285044872,1.199752028,-0.75760155,-0.714955128,0.956904815,0.965366273,-1.038864456,-1.043095185,1.128348944,1.087826365,-0.891912345,-0.871651056
17,1.621730884,1.442705752,-0.467781682,-0.378269116,1.840777038,1.59916729,-0.280027836,-0.159222962,0.877606073,0.911188029,-1.105602949,-1.122393927
18,1.85825762,1.693941404,-0.223900488,-0.14174238,1.98817021,1.786736111,-0.11254684,-0.01182979,1.685369658,1.570450002,-0.37209017,-0.314630342
19,1.634108716,1.523325185,-0.421283049,-0.365891284,1.402705557,1.358037215,-0.619628614,-0.597294443,1.768551691,1.619355882,-0.306046214,-0.231448309
20,0.963996532,1.025189064,-1.005407202,-1.036003468,0.840435177,0.936930954,-1.111316934,-1.159564823,1.53391723,1.432275277,-0.516903747,-0.46608277
21,0.789398326,0.928339722,-1.141130976,-1.210601674,0.906502618,1.011985644,-1.040755869,-1.093497382,1.672011658,1.558777816,-0.384605263,-0.327988342
22,0.348863444,0.601942714,-1.524596921,-1.651136556,2.106611843,1.857477285,-0.017955436,0.106611843,0.742904408,0.883400546,-1.186847523,-1.257095592
23,1.867942894,1.626350494,-0.252853306,-0.132057106,0.764307799,0.838039712,-1.198826244,-1.235692201,1.611094826,1.442887589,-0.473008793,-0.388905174
24,0.121175107,0.201752074,-1.83853641,-1.878824893,-0.020709975,0.100405587,-1.960152194,-2.020709975,-0.51054182,-0.249474303,-2.380008061,-2.51054182
25,1.731923307,1.575930284,-0.346073205,-0.268076693,1.408395705,1.344839139,-0.623382578,-0.591604295,1.654509618,1.520634791,-0.412427795,-0.345490382
26,1.160484338,1.109820635,-0.864847513,-0.839515662,1.054517307,1.034129899,-0.955676397,-0.945482693,1.008362585,1.00116224,-0.995237588,-0.991637415
27,0.923252028,0.931826119,-1.072460926,-1.076747972,1.76792773,1.535165906,-0.348453182,-0.23207227,0.453808656,0.596509425,-1.47484096,-1.546191344
28,0.400734595,0.445888792,-1.576688307,-1.599265405,1.399065887,1.158982572,-0.72097577,-0.600934113,-0.66837665,-0.317762097,-2.493069374,-2.66837665
29,-0.227571979,0.082178581,-2.072696699,-2.227571979,0.668894753,0.722511962,-1.304296643,-1.331105247,0.171649415,0.36733672,-1.730506933,-1.828350585
30,1.212080439,1.18730959,-0.800304986,-0.787919561,1.299639072,1.249851471,-0.725254728,-0.700360928,1.288473669,1.241876183,-0.734825074,-0.711526331
31,1.673351503,1.597423607,-0.364612445,-0.326648497,1.235960275,1.2850013,-0.739519212,-0.764039725,2.298811547,2.044180781,0.171496164,0.298811547
32,0.735918513,0.80255999,-1.230760748,-1.264081487,0.235062587,0.444805757,-1.660065828,-1.764937413,1.168714315,1.111699849,-0.859792918,-0.831285685
33,0.366047625,0.58040587,-1.526773252,-1.633952375,0.925179014,0.979785434,-1.047517776,-1.074820986,1.028623447,1.053674314,-0.95885112,-0.971376553
34,1.297605333,1.207963377,-0.747215645,-0.702394667,1.172864015,1.118862436,-0.854136774,-0.827135985,1.01959701,1.009386004,-0.985508493,-0.98040299
35,1.23246936,1.048015867,-0.859757386,-0.76753064,2.152473539,1.705161709,-0.071182376,0.152473539,-0.554729662,-0.228554863,-2.391642263,-2.554729662
36,0.531779815,0.629986048,-1.419117069,-1.468220185,-0.696218513,-0.247155614,-2.471687064,-2.696218513,1.284088966,1.167349727,-0.774280653,-0.715911034
37,1.585729981,1.384582276,-0.514843871,-0.414270019,0.803791384,0.826054707,-1.185076955,-1.196208616,1.077518743,1.021574249,-0.950453504,-0.922481257
38,0.500599949,0.638201673,-1.430599189,-1.499400051,1.363122567,1.254289257,-0.691294088,-0.636877433,0.521586039,0.653191737,-1.412611112,-1.478413961
39,1.130666507,1.187621108,-0.840856193,-0.869333493,0.490316274,0.730228085,-1.38972782,-1.509683726,2.194667508,1.947621823,0.071144665,0.194667508
40,1.35586516,1.319604464,-0.662265188,-0.64413484,1.208210529,1.21413687,-0.7888263,-0.791789471,1.680532763,1.551509895,-0.383978671,-0.319467237
41,0.954677851,0.953525014,-1.045898567,-1.045322149,1.186224217,1.118915275,-0.847430254,-0.813775783,0.753434713,0.809779915,-1.218392686,-1.246565287
42,0.664529474,0.73866148,-1.298404523,-1.335470526,1.184893007,1.110349718,-0.852378637,-0.815106993,0.538402096,0.648570496,-1.406513704,-1.461597904
43,1.054748419,1.098845732,-0.923202924,-0.945251581,1.333050842,1.297633177,-0.68465799,-0.666949158,1.414917071,1.356109055,-0.614486937,-0.585082929
44,1.934786269,1.715418466,-0.174897633,-0.065213731,1.814707373,1.629647826,-0.277822401,-0.185292627,1.502572634,1.406694441,-0.545366463,-0.497427366
45,0.565221182,0.630407499,-1.40218566,-1.434778818,1.375724844,1.209338686,-0.707468235,-0.624275156,0.047204785,0.260395787,-1.846199714,-1.952795215
46,1.483204152,1.284503381,-0.616146234,-0.516795848,1.467925791,1.273590266,-0.629241971,-0.532074209,0.445198397,0.543070699,-1.505865452,-1.554801603
47,1.276486803,1.228740456,-0.74738637,-0.723513197,0.812282867,0.897166216,-1.145275459,-1.187717133,1.521935421,1.404060898,-0.537001841,-0.478064579
48,2.183016591,1.910886102,0.046951346,0.183016591,1.342900198,1.310802964,-0.673148419,-0.657099802,2.031022464,1.802318867,-0.083329334,0.031022464
49,2.497429231,2.059962633,0.278695932,0.497429231,2.660958499,2.176769253,0.418863876,0.660958499,0.828922964,0.868172442,-1.151452297,-1.171077036
50,1.099342067,1.146482138,-0.877087898,-0.900657933,0.55960259,0.760953941,-1.339721735,-1.44039741,1.97032813,1.768615041,-0.130528415,-0.02967187
51,0.62214717,0.764228482,-1.306812174,-1.37785283,1.026516939,1.053064032,-0.960209514,-0.973483061,1.114299237,1.115765673,-0.884967545,-0.885700763
52,0.643707767,0.693046143,-1.331623045,-1.356292233,0.519363421,0.604228752,-1.438203913,-1.480636579,0.575626646,0.644416771,-1.389978292,-1.424373354
53,0.43620291,0.626526624,-1.468635233,-1.56379709,0.741972801,0.844933689,-1.206546755,-1.258027199,1.118296595,1.113736398,-0.883983503,-0.881703405
54,0.111757943,0.268738836,-1.80975161,-1.888242057,-0.624661556,-0.257275091,-2.440968323,-2.624661556,0.470394608,0.524907883,-1.502348755,-1.529605392
55,1.163748546,1.23979385,-0.798228802,-0.836251454,1.853939915,1.732787685,-0.2066362,-0.146060085,1.79412197,1.690060582,-0.257908724,-0.20587803
56,1.191377096,1.306446488,-0.751088208,-0.808622904,1.761307316,1.713539503,-0.262576591,-0.238692684,2.289402798,2.090750561,0.190076679,0.289402798
57,-0.242684339,0.080892203,-2.080896068,-2.242684339,0.289891958,0.461303843,-1.6244021,-1.710108042,0.441780052,0.569795339,-1.494212305,-1.558219948
58,1.050344655,0.946463214,-1.001596066,-0.949655345,1.051116657,0.947014644,-1.000934349,-0.948883343,0.169553339,0.31732656,-1.756560051,-1.830446661
59,1.244889224,1.223753985,-0.765678395,-0.755110776,0.819495181,0.919901097,-1.130301861,-1.180504819,1.665609738,1.524268638,-0.405060812,-0.334390262
60,0.364690577,0.534631446,-1.550338989,-1.635309423,0.041242013,0.303596758,-1.827580615,-1.958757987,1.054359282,1.02725195,-0.959194384,-0.945640718
61,1.802837946,1.779308627,-0.208926714,-0.197162054,1.187285677,1.339628435,-0.736542944,-0.812714323,3.217001605,2.789425526,1.003213566,1.217001605
62,0.644837789,0.742949277,-1.306106467,-1.355162211,0.661285253,0.754697466,-1.29200864,-1.338714747,0.960581457,0.968480469,-1.035469037,-1.039418543
63,2.497625212,2.128852811,0.313239012,0.497625212,1.457049887,1.385584722,-0.578682696,-0.542950113,2.068613038,1.822415544,-0.054485709,0.068613038
64,1.173171248,1.126093934,-0.850367409,-0.826828752,1.138047201,1.101005329,-0.880473735,-0.861952799,1.039823033,1.030845208,-0.96466588,-0.960176967
65,0.103718393,0.29608972,-1.800095943,-1.896281607,0.397139986,0.505676572,-1.548591721,-1.602860014,0.262405773,0.409437848,-1.664078189,-1.737594227
66,2.067823291,1.778913119,-0.076631795,0.067823291,1.835940276,1.613282394,-0.275388665,-0.164059724,1.266026618,1.20620121,-0.763886086,-0.733973382
67,0.487375457,0.479128872,-1.516747835,-1.512624543,0.216818841,0.285874147,-1.748653506,-1.783181159,-0.299618221,-0.083009469,-2.191313845,-2.299618221
68,0.002393403,0.413042848,-1.792281874,-1.997606597,1.406866668,1.416238037,-0.588447648,-0.593133332,1.462842473,1.456220754,-0.540468386,-0.537157527
69,0.023527952,0.315655966,-1.830408041,-1.976472048,0.983321316,1.001222655,-1.007728015,-1.016678684,0.641935852,0.757375894,-1.300344127,-1.358064148
70,2.988156,2.606335286,0.797245643,0.988156,1.44465604,1.503835315,-0.525754323,-0.55534396,3.498921392,2.971167709,1.235044551,1.498921392
71,1.633901893,1.493545026,-0.43627654,-0.366098107,1.229328595,1.204564099,-0.783053653,-0.770671405,1.580304716,1.455261328,-0.482216978,-0.419695284
72,-0.313484841,0.000943991,-2.156270425,-2.313484841,-0.681452852,-0.261890302,-2.471671577,-2.681452852,0.619594521,0.66742925,-1.356488115,-1.380405479
73,0.062142585,0.382449819,-1.777703798,-1.937857415,0.300835271,0.552944595,-1.573110067,-1.699164729,1.366165685,1.313894891,-0.659969712,-0.633834315
74,-0.303458199,-0.011107082,-2.15728264,-2.303458199,0.625183637,0.652208515,-1.361303924,-1.374816363,-0.206904946,0.057859527,-2.074522709,-2.206904946
75,2.093986238,1.67396445,-0.116024656,0.093986238,0.578727348,0.591636671,-1.414817991,-1.421272652,0.76102255,0.72184753,-1.25856496,-1.23897745
76,1.638851064,1.481303294,-0.439922821,-0.361148936,1.829349549,1.617373641,-0.276638405,-0.170650451,1.136443155,1.122440502,-0.870558172,-0.863556845
77,1.099554243,1.033113728,-0.933666015,-0.900445757,0.371987509,0.513423203,-1.557294644,-1.628012491,1.011377522,0.970130355,-1.009246061,-0.988622478
78,0.916714781,0.940605302,-1.071339958,-1.083285219,0.788542555,0.849053712,-1.181201867,-1.211457445,1.06496484,1.046498201,-0.94426848,-0.93503516
79,1.41639507,1.303797164,-0.639903883,-0.58360493,0.993569737,1.001779068,-1.002325597,-1.006430263,1.270512142,1.199595072,-0.764946393,-0.729487858
80,1.507025087,1.311630409,-0.590672252,-0.492974913,0.938006824,0.905188794,-1.078402191,-1.061993176,0.815854866,0.817937395,-1.183103869,-1.184145134
81,1.566297406,1.355755113,-0.53897374,-0.433702594,0.561818635,0.638270276,-1.399955545,-1.438181365,1.050162104,0.98708704,-0.981375428,-0.949837896
82,0.077337744,0.329368793,-1.796646731,-1.922662256,2.483168123,2.047819063,0.265493593,0.483168123,-0.310378775,0.052428423,-2.128975176,-2.310378775
83,1.061625787,1.144997305,-0.896688454,-0.938374213,1.388316812,1.378348037,-0.616667575,-0.611683188,1.773203899,1.653267385,-0.286764358,-0.226796101
84,0.988528732,0.861214797,-1.075128236,-1.011471268,0.472452928,0.492589223,-1.517478925,-1.527547072,0.046840771,0.188580539,-1.882289345,-1.953159229
85,1.539987287,1.436614878,-0.511698917,-0.460012713,1.582758429,1.467165694,-0.475037938,-0.417241571,1.450786649,1.372900137,-0.588156607,-0.549213351
86,0.949118756,0.992194858,-1.029343193,-1.050881244,1.064083732,1.074312697,-0.930801785,-0.935916268,1.207204649,1.176541924,-0.808126713,-0.792795351
87,1.295082874,1.301896324,-0.701510401,-0.704917126,2.597311803,2.232059845,0.414685824,0.597311803,1.194023059,1.229710743,-0.788133099,-0.805976941
88,0.389809556,0.538076775,-1.536056835,-1.610190444,-0.015135238,0.248830494,-1.883152372,-2.015135238,0.960653859,0.945822706,-1.046761718,-1.039346141
89,1.137457522,1.129899843,-0.866321318,-0.862542478,1.312450534,1.254894851,-0.716327307,-0.687549466,1.206659104,1.179329544,-0.807005676,-0.793340896
90,1.385696072,1.298391377,-0.657956275,-0.614303928,0.955043639,0.990782496,-1.027086933,-1.044956361,1.42766301,1.328367761,-0.621984615,-0.57233699
91,0.092915697,0.305580924,-1.80075169,-1.907084303,1.23084516,1.118387683,-0.825383578,-0.76915484,-0.000254456,0.239030814,-1.880611821,-2.000254456
92,1.11760507,1.187535148,-0.847429891,-0.88239493,0.715293418,0.900169682,-1.19226845,-1.284706582,2.16138023,1.933088833,0.047234531,0.16138023
93,1.182725086,1.229981,-0.793646957,-0.817274914,1.145891402,1.203671226,-0.825218686,-0.854108598,1.940907618,1.771539951,-0.143776215,-0.059092382
94,1.987008298,1.76502424,-0.123983731,-0.012991702,1.64990545,1.524236491,-0.41292903,-0.35009455,1.725203593,1.578020879,-0.348387764,-0.274796407
95,2.003887686,1.853076929,-0.071517693,0.003887686,1.437289162,1.448363697,-0.557173571,-0.562710838,2.544791786,2.239437,0.392114393,0.544791786
96,1.317657644,1.274768582,-0.703786887,-0.682342356,1.045771413,1.080564131,-0.936832228,-0.954228587,1.579925721,1.462102923,-0.478985678,-0.420074279
97,0.683230807,0.664314102,-1.326227546,-1.316769193,0.107341383,0.252964513,-1.819847052,-1.892658617,0.273086144,0.371353628,-1.677780114,-1.726913856
98,-0.089540698,0.172619609,-1.958460544,-2.089540698,1.579986109,1.365138756,-0.527437567,-0.420013891,-0.290494931,0.029080871,-2.13070703,-2.290494931
99,1.053112392,0.932970627,-1.00695849,-0.946887608,0.084321353,0.240977028,-1.837350809,-1.915678647,0.510859416,0.545647073,-1.471746756,-1.489140584
100,0.430163667,0.552396851,-1.508719741,-1.569836333,-0.07458737,0.191860395,-1.941363487,-2.07458737,0.876033968,0.870875637,-1.126545198,-1.123966032
101,2.353057241,1.913295171,0.133176206,0.353057241,2.379081703,1.931884073,0.155482888,0.379081703,0.493811927,0.585262804,-1.460462635,-1.506188073
102,0.827033222,0.880062234,-1.146452272,-1.172966778,1.24912789,1.181558425,-0.784656842,-0.75087211,0.822433722,0.876776876,-1.150394701,-1.177566278
103,0.436685542,0.519553531,-1.521880463,-1.563314458,0.292995187,0.416917564,-1.645043624,-1.707004813,0.34768547,0.455982052,-1.598166239,-1.65231453
104,0.495386645,0.653107213,-1.425753071,-1.504613355,0.410930077,0.592781093,-1.498144415,-1.589069923,1.167857167,1.1334433,-0.849349766,-0.832142833
105,1.959259834,1.62907834,-0.205830913,-0.040740166,1.34868941,1.192956609,-0.72917699,-0.65131059,0.78490695,0.790254852,-1.212419099,-1.21509305
106,1.613657846,1.589808799,-0.398266677,-0.386342154,1.719649667,1.665517242,-0.307416545,-0.280350333,2.351952839,2.117162365,0.234557602,0.351952839
107,2.077745358,1.831250182,-0.04550223,0.077745358,1.333531729,1.299669019,-0.683399626,-0.666468271,1.941871159,1.734197183,-0.161965829,-0.058128841
108,0.578297264,0.776798694,-1.322452021,-1.421702736,1.941512045,1.750523538,-0.153982209,-0.058487955,1.041958137,1.107985032,-0.925028416,-0.958041863
109,0.806441356,0.894673999,-1.149442323,-1.193558644,0.522513032,0.691868054,-1.392809457,-1.477486968,1.447381819,1.352488616,-0.600064783,-0.552618181
110,0.639261641,0.886516265,-1.237111047,-1.360738359,0.293139716,0.639286318,-1.533786983,-1.706860284,2.510348466,2.223006854,0.36667766,0.510348466
111,0.407497628,0.522292324,-1.535105024,-1.592502372,0.983022338,0.933381402,-1.04179813,-1.016977662,0.206843219,0.378967746,-1.707094518,-1.793156781
112,1.638400278,1.41643065,-0.472584536,-0.361599722,1.678906072,1.445363361,-0.437865284,-0.321093928,0.6127512,0.683824166,-1.351712317,-1.3872488
113,1.175124564,1.247856023,-0.788509707,-0.824875436,1.338626092,1.364642829,-0.648365539,-0.661373908,2.056877446,1.87767951,-0.032721522,0.056877446
114,0.311573569,0.452492862,-1.617966784,-1.688426431,0.123391928,0.318077404,-1.779265334,-1.876608072,0.576803652,0.641942921,-1.390626714,-1.423196348
115,1.557041126,1.380111026,-0.531423924,-0.442958874,0.63174317,0.719183915,-1.324536457,-1.36825683,1.297786524,1.194929167,-0.753642154,-0.702213476
116,2.250863397,1.859804604,0.055334,0.250863397,1.511757165,1.331871581,-0.578185627,-0.488242835,1.057280732,1.007245557,-0.967736856,-0.942719268
117,1.054179318,1.011271553,-0.967274565,-0.945820682,0.531382101,0.637844969,-1.415386465,-1.468617899,1.007012359,0.977580868,-1.007703387,-0.992987641
118,0.514193926,0.629071664,-1.428367205,-1.485806074,-0.083168632,0.202384123,-1.940392254,-2.083168632,1.076793252,1.030928325,-0.946139212,-0.923206748
119,1.020208728,1.056793805,-0.961498734,-0.979791272,1.338227198,1.283949855,-0.688911473,-0.661772802,1.233858008,1.209400434,-0.778370779,-0.766141992
120,1.173813896,1.108953027,-0.858616538,-0.826186104,0.58652606,0.689461715,-1.362006112,-1.41347394,1.152670663,1.093850718,-0.876739309,-0.847329337
121,0.296177382,0.453901776,-1.624960421,-1.703822618,0.267753278,0.433598845,-1.649323939,-1.732246722,0.611988646,0.679481251,-1.354265051,-1.388011354
122,2.450154116,2.150941982,0.300548049,0.450154116,1.237079203,1.284459901,-0.739230448,-0.762920797,2.674219407,2.310988618,0.492604013,0.674219407
123,0.810290061,0.84610038,-1.171804779,-1.189709939,2.026203685,1.714610111,-0.129593102,0.026203685,0.221457977,0.425506035,-1.676517994,-1.778542023
124,0.875450621,0.895645598,-1.11445189,-1.124549379,0.086432215,0.332061022,-1.790753381,-1.913567785,1.251766296,1.164442509,-0.791895597,-0.748233704
125,0.504604173,0.63755806,-1.428918884,-1.495395827,1.031567947,1.013960756,-0.977235648,-0.968432053,0.656869004,0.746318653,-1.298406171,-1.343130996
126,0.950877882,1.025998456,-1.011561831,-1.049122118,0.741719444,0.876599572,-1.190840492,-1.258280556,1.671130936,1.540464924,-0.39420207,-0.328869064
127,0.737188615,0.805972062,-1.228419662,-1.262811385,0.912420324,0.931137568,-1.078221054,-1.087579676,0.853902302,0.889338981,-1.128379358,-1.146097698
128,2.107665888,1.787964134,-0.052184989,0.107665888,1.494498073,1.349987123,-0.577757402,-0.505501927,1.276665692,1.194392565,-0.764470871,-0.723334308
129,1.552061504,1.335901604,-0.556018446,-0.447938496,1.556156041,1.338826274,-0.552508842,-0.443843959,0.456049865,0.553036148,-1.495456994,-1.543950135
130,0.823170991,0.845898971,-1.165465019,-1.176829009,-0.066327498,0.210542906,-1.927892296,-2.066327498,1.186962567,1.105750096,-0.853643668,-0.813037433
131,0.65326601,0.757489473,-1.294622258,-1.34673399,0.538688891,0.675648674,-1.392831217,-1.461311109,1.10511459,1.080238459,-0.907323475,-0.89488541
132,0.856339757,0.846908871,-1.148375686,-1.143660243,1.628039265,1.398122805,-0.486918965,-0.371960735,0.145994001,0.339519045,-1.757243477,-1.854005999
133,2.764604139,2.305988345,0.535296242,0.764604139,2.900197657,2.402840857,0.651519257,0.900197657,1.354729293,1.298934883,-0.673167912,-0.645270707
134,0.4512761,0.477906293,-1.535408803,-1.5487239,-0.566959205,-0.249404639,-2.408181922,-2.566959205,0.302032702,0.371303866,-1.663331716,-1.697967298
135,0.819821453,0.897577426,-1.14130056,-1.180178547,1.009973411,1.033400253,-0.978313168,-0.990026589,1.148629779,1.132440516,-0.859464852,-0.851370221
136,1.130574156,0.961571555,-0.953927145,-0.869425844,1.418321175,1.16710514,-0.707286842,-0.581678825,-0.365312319,-0.106918784,-2.236115552,-2.365312319
137,1.388723763,1.251861877,-0.67970718,-0.611276237,0.30337534,0.476613003,-1.610005829,-1.69662466,1.303405791,1.190920469,-0.75283687,-0.696594209
138,1.436266161,1.266337551,-0.648698144,-0.563733839,0.868180169,0.860561843,-1.135628994,-1.131819831,0.864073812,0.857628731,-1.139148728,-1.135926188
139,0.926733456,0.891772916,-1.090746814,-1.073266544,0.91074676,0.880353847,-1.104449696,-1.08925324,0.489594465,0.579530779,-1.465437378,-1.510405535
140,1.282647702,1.197014349,-0.760168974,-0.717352298,1.147747748,1.100657239,-0.875797507,-0.852252252,1.022218476,1.010993473,-0.983394026,-0.977781524
141,-0.741540396,-0.408045376,-2.574792886,-2.741540396,0.288552839,0.327735506,-1.691855828,-1.711447161,-1.036914017,-0.619026534,-2.827970276,-3.036914017
142,1.623193591,1.545988278,-0.415409065,-0.376806409,1.327041553,1.334451108,-0.66925367,-0.672958447,2.08343004,1.874728598,-0.020920681,0.08343004
143,0.583209427,0.559580525,-1.428605024,-1.416790573,0.623115458,0.588084833,-1.394399854,-1.376884542,-0.343564057,-0.102400535,-2.222982296,-2.343564057
144,1.015654508,0.971450614,-1.006447439,-0.984345492,1.933007818,1.626702978,-0.220144602,-0.066992182,0.172828381,0.369431952,-1.728869833,-1.827171619
145,0.511888703,0.555698779,-1.466206259,-1.488111297,0.69044056,0.68323582,-1.31316181,-1.30955944,0.023595769,0.206918111,-1.88474306,-1.976404231
146,1.592623011,1.358946236,-0.524215377,-0.407376989,1.822751938,1.523324041,-0.326962011,-0.177248062,0.288053391,0.427110794,-1.642417908,-1.711946609
147,2.427834141,2.198781519,0.31330783,0.427834141,1.676920681,1.662414762,-0.330332278,-0.323079319,3.034701426,2.632258151,0.833479789,1.034701426
148,2.406956597,2.006460051,0.206708324,0.406956597,1.746522896,1.534721693,-0.359377706,-0.253477104,1.344045929,1.247238145,-0.704357963,-0.655954071
149,1.920906132,1.547535763,-0.265779052,-0.079093868,0.448566756,0.49586478,-1.527784232,-1.551433244,0.71359325,0.685169419,-1.300618666,-1.28640675
150,0.52250685,0.518310133,-1.479591509,-1.47749315,1.272883035,1.054293122,-0.836411922,-0.727116965,-0.679428062,-0.340214804,-2.509821433,-2.679428062
151,0.634386599,0.777435037,-1.294089182,-1.365613401,0.428427928,0.6303217,-1.470625186,-1.571572072,1.460866713,1.367777975,-0.585677656,-0.539133287
152,0.337454958,0.525162698,-1.568691172,-1.662545042,0.027891238,0.304045755,-1.834031504,-1.972108762,1.140027262,1.09842863,-0.880772054,-0.859972738
153,0.598567814,0.685999721,-1.357716232,-1.401432186,0.952340355,0.938694393,-1.054482626,-1.047659645,0.570257404,0.665777999,-1.381982298,-1.429742596
154,-0.688755993,-0.285913893,-2.487334943,-2.688755993,0.14472399,0.309428951,-1.772923529,-1.85527601,-0.155559429,0.094940795,-2.030309317,-2.155559429
155,1.419434439,1.17209943,-0.704233065,-0.580565561,2.221811777,1.7452261,-0.016481062,0.221811777,-0.583682052,-0.258698064,-2.421190058,-2.583682052
156,1.588265506,1.328030307,-0.541852094,-0.411734494,1.591624228,1.330429394,-0.538973189,-0.408375772,0.143569915,0.296104885,-1.7801626,-1.856430085
157,0.091297362,0.436643442,-1.736029598,-1.908702638,0.331008939,0.607865996,-1.530562532,-1.668991061,1.675141857,1.567960938,-0.378448603,-0.324858143
158,0.567187472,0.637596763,-1.397607882,-1.432812528,1.116892432,1.030243163,-0.926432202,-0.883107568,0.231256187,0.397645845,-1.685548984,-1.768743813
159,0.510702012,0.531836279,-1.478730855,-1.489297988,-0.215328202,0.013243269,-2.101042466,-2.215328202,0.262430724,0.354499645,-1.691534816,-1.737569276
160,2.739892182,2.403005041,0.571448612,0.739892182,2.702841293,2.376540119,0.539690706,0.702841293,2.504564284,2.234913685,0.369738985,0.504564284
161,1.293731304,1.246245249,-0.730011723,-0.706268696,1.949069809,1.714344182,-0.168293004,-0.050930191,1.010274812,1.043776327,-0.972974431,-0.989725188
162,-0.008736131,0.259018726,-1.874858703,-2.008736131,0.860435885,0.879855881,-1.129854117,-1.139564115,0.375695573,0.533612801,-1.545345813,-1.624304427
163,0.951506251,1.056088726,-0.996202511,-1.048493749,1.549024277,1.482887316,-0.484044203,-0.450975723,1.542708281,1.47837589,-0.489457914,-0.457291719
164,1.223351427,1.235515818,-0.770566377,-0.776648573,1.628351151,1.524801335,-0.423423757,-0.371648849,1.502183761,1.434681771,-0.531567234,-0.497816239
165,1.749089416,1.481985893,-0.384462345,-0.250910584,1.286077633,1.151263191,-0.781329588,-0.713922367,0.739223306,0.760652957,-1.250061868,-1.260776694
166,2.374121785,2.170610058,0.272365922,0.374121785,1.297526417,1.401613366,-0.650430109,-0.702473583,3.292093433,2.826304092,1.059198762,1.292093433
167,0.418368783,0.562689671,-1.509470773,-1.581631217,1.591907129,1.400931347,-0.503580762,-0.408092871,0.210490778,0.414205382,-1.68765192,-1.789509222
168,0.836823186,0.761345591,-1.200915611,-1.163176814,-0.539356572,-0.22163995,-2.380498261,-2.539356572,0.555652605,0.560509462,-1.441918966,-1.444347395
169,0.001853903,0.274661393,-1.861742352,-1.998146097,0.357549989,0.528730026,-1.556859992,-1.642450011,0.70735792,0.778592834,-1.257024623,-1.29264208
170,1.668307085,1.495151204,-0.418270856,-0.331692915,1.303520852,1.234589609,-0.73094477,-0.696479148,1.347380855,1.265918183,-0.693350481,-0.652619145
171,2.12932475,2.004487256,0.066906003,0.12932475,2.492225249,2.263701897,0.377963573,0.492225249,2.653334294,2.378779787,0.516057041,0.653334294
172,2.201479091,1.867268125,0.034373608,0.201479091,1.65056824,1.473760375,-0.437835693,-0.34943176,1.359565636,1.265901371,-0.687266496,-0.640434364
173,1.100712307,1.111108689,-0.894089502,-0.899287693,0.05606231,0.364930119,-1.789503785,-1.94393769,1.885627508,1.671762403,-0.221305044,-0.114372492
174,1.046383435,1.026517916,-0.963549324,-0.953616565,0.664953103,0.754067679,-1.290489609,-1.335046897,1.129380531,1.085801556,-0.892408957,-0.870619469
175,0.217993039,0.412794956,-1.684606002,-1.782006961,0.449834037,0.578395668,-1.485885147,-1.550165963,0.618557266,0.698912261,-1.341265237,-1.381442734
176,1.700042412,1.497053778,-0.401451905,-0.299957588,0.136772732,0.380432577,-1.741397345,-1.863227268,1.754028525,1.535615287,-0.355178094,-0.245971475
177,0.937196381,1.022652238,-1.020075691,-1.062803619,1.157451727,1.179977485,-0.831285394,-0.842548273,1.516025923,1.436101911,-0.523936083,-0.483974077
178,0.997328204,1.175969718,-0.913351039,-1.002671796,1.512368754,1.543855825,-0.47188771,-0.487631246,2.3922471,2.172340358,0.282293729,0.3922471
179,1.596218676,1.513932692,-0.444924316,-0.403781324,1.432191097,1.396770135,-0.585519384,-0.567808903,1.898764834,1.73003709,-0.185599038,-0.101235166
180,-0.363756216,0.129423423,-2.117166397,-2.363756216,2.058171807,1.859372011,-0.041228091,0.058171807,0.749292662,0.924458335,-1.163124502,-1.250707338
181,0.486893493,0.527953345,-1.492576581,-1.513106507,0.953513181,0.861253121,-1.092616849,-1.046486819,-0.212180869,0.028614515,-2.091783177,-2.212180869
182,1.486805215,1.432051917,-0.540571434,-0.513194785,2.012162079,1.80730682,-0.090265551,0.012162079,1.519493699,1.455400834,-0.512552733,-0.480506301
183,1.638339054,1.474807164,-0.443426891,-0.361660946,1.224977896,1.179549195,-0.797736454,-0.775022104,1.381515244,1.291361586,-0.663561585,-0.618484756
