"","x11","x12","x13","x14","x21","x22","x23","x24","x31","x32","x33","x34"
"1",0.733038263311885,0.697998496033078,-0.400630190802368,0.15060347818053,-2.68871042488196,-2.44023007767386,0.608875693401088,-0.100717487607063,-1.80197829752999,-1.00287546985803,-0.672470376836857,-0.765146722456051
"2",-0.0575014059558139,0.089997349935425,-1.6949869707257,-1.87715704932423,1.72836821684171,2.00178127950475,-1.51779289410886,-2.48512559919057,0.484106955554848,1.12793725792208,1.03979480609899,0.83577662390873
"3",-0.173466399883789,0.748041743578775,0.283003011089339,1.4463314480363,-0.605925361035779,-0.139506369847181,0.370835884647414,0.476834039403595,-0.614264796919981,0.0814773287771982,0.748153617514056,-1.46426813168732
"4",-1.2492156183622,-1.36674305794538,-0.621526764994146,0.189086323759753,-0.463974341448233,-0.529175909583322,-1.41616044315468,-1.31228668574292,-1.70958525451391,0.0969365871541126,-1.26761382991176,0.503893992009586
"5",1.12721496056327,0.490970076062463,0.493168260935785,-0.752453893650564,-1.31758256589792,0.561527442589003,-0.430105079526863,-0.963368013530248,-0.0965238188794408,0.405274160097154,-1.55597558861402,-0.530632507874777
"6",-0.245877418788106,0.290361706901149,-0.479098849416217,-1.61268511464432,-0.347498781860845,1.88173704043398,-0.164242872769339,-0.215141956557034,-0.277132378035086,0.20092526349819,0.277842631531034,-0.825966823572199
"7",-0.126958493323012,0.599749803470997,0.962117742564709,0.811685864450212,-2.42136239072517,-0.447641818454511,-1.19970193409844,0.921177654199651,-1.42608976033575,-1.90575597430072,-0.0170915600648443,-0.704631740968494
"8",-0.35657539455258,-0.841875542565528,-1.30275042710027,0.473591247698458,1.3396578463011,-0.67377422116812,-0.217129311403372,-0.415504988939682,-0.826623734747463,1.18232321528055,-0.816346395696016,-1.22911249813444
"9",0.837610027091513,1.14804235742531,1.68956900835677,0.336029369038173,-0.0332145103100167,0.948257058030082,-1.18812044907187,-0.183209674984275,1.71686164212985,0.445370767599878,-1.14183357655406,1.07683018888918
"10",1.08139465716508,0.60895266681226,0.823350055554834,0.639985209165937,1.84386738249654,-0.248603342114224,1.1557210073896,0.329067354925901,1.88340963275174,1.65781548176178,-0.0161537411110518,0.705392470957914
"11",-1.2052942016507,1.06613247618379,-0.23645367774171,0.157595179351621,-0.203223951775457,-0.597732814455644,-0.745472968261841,0.410092115284533,-0.122995693757083,0.778327034170354,1.01283241883818,-1.53977537223249
"12",-0.250554822878098,0.140938015359625,-0.906126101798927,-0.352989666297052,1.1998952487595,1.59627328504172,0.872802329038812,-0.21991834380157,0.90577489777539,2.50880661451524,0.905547461302683,-0.225689730181128
"13",-0.363684044125767,0.105975147466623,-0.0134374482896952,0.0139175455795355,0.674836651809511,0.908195204026875,1.77922520184751,1.54163842901249,0.34748143626157,-0.0400118205740637,0.0252072954477915,-0.874242875685535
"14",0.870080945786631,0.699450707076328,-0.353941114685732,0.121115689966179,0.29554818736088,-0.597048051642729,2.07200907948919,0.195523002142688,0.322727450686539,0.758449204071244,0.775642388903412,-0.322261357616745
"15",-0.579074227430942,-0.930958846586095,0.533251278237941,1.34141671374589,-0.817824412708633,0.438065731372424,-1.75651858274018,-1.010529809272,-0.111693533411769,0.141066141612342,-0.647114800102996,-0.830332747007528
"16",1.12212408174278,1.60769468075845,0.766478500068956,0.337556639896466,0.183092662060604,1.53002558711378,-0.359875523833619,0.887431223831418,1.41166145082309,0.547269667759119,1.18006004074859,1.36626372566509
"17",0.176532632701998,-0.329579156022478,0.388042816965843,-0.775208809006092,-0.0653491459335468,-1.01893011405244,-0.655127745894661,-0.13079915356702,0.0859154134170357,-0.65896264220942,-0.276544292254188,-0.418199305698378
"18",-1.06261314658157,0.530672492251278,-0.874254488999794,-0.296539921964648,1.3331633995706,-0.107179721648329,1.20113750071028,0.207027154317791,0.788851105260847,-0.00132039190485891,-0.18602158870541,1.05097380584597
"19",0.505271139137346,-0.484653893106742,-1.03617265901958,-0.826479326563297,0.747286398005029,0.504929311662964,-1.45415867397501,0.0906415419889466,0.290509427235542,-0.585896145400439,0.872159344928685,0.181258200549747
"20",0.799833349681116,2.06054916322001,-0.744143417610023,-1.11211302149612,0.154148719547183,2.10681623672165,-0.570981668489352,-1.39977960159055,0.747616641126728,2.72468099914574,-1.25253684968551,-0.151740641977678
"21",0.00974385695601164,1.12457960261572,-0.854486431395362,-0.370209726848521,-1.81684743304975,0.37581078535811,-0.881211972613504,-0.950932678293839,-1.03081601235918,-0.98752397224003,-0.380225900971673,-0.281516199457852
"22",0.825816516239362,0.429142124476634,-1.54718437167042,-1.47778346380878,-1.00632547838022,-0.743101211405839,-0.185711348532982,-0.309064803188534,-0.927172650739698,-0.788953565707621,-0.99584777963771,-0.580069643722861
"23",-0.706568037477115,-0.83223698857971,2.00711973464387,1.72656136015396,-0.566797967571023,-0.925153537350446,-0.383769444757626,-1.37574605035299,0.598782375478691,-0.333975433610883,0.493251735701645,-0.794432062096372
"24",0.309195050239761,-1.16828986926237,0.662671165547931,1.50711131482941,-0.723921076121783,-0.264236204358101,-1.24824224855946,0.0905469433650519,-0.098342991674131,0.0597552588028556,-0.675287340068311,-0.482913581286036
"25",0.138869282172586,-0.221497864388887,1.324640343151,1.928087279505,0.172576342424369,2.51731602761814,-1.73297499660164,-0.0529137427763039,1.17007012400642,-0.902430619628658,1.24218107863851,1.48980262249944
"26",2.28403860040811,0.874420757444201,0.721135652698913,-0.291215849604358,1.04966230619127,0.959445240856538,-0.684553355672226,0.118067800809192,2.12029012706737,1.46353718946442,-0.803208072718842,0.25992225831638
"27",-0.0473733729598976,0.170597062077486,-0.737891314958683,-0.64487774068311,0.136867651867369,0.0996252327587568,1.56770904883649,-0.209120840931782,0.381872769654926,1.18588797093646,0.055854953084655,0.402720278132891
"28",2.90215460244735,1.39385856370378,0.896922517366606,-0.292542674230673,-0.564484100414631,-0.0115192347635479,0.994381477010929,1.296784101401,1.18351788610091,1.12944262866701,-0.55794422524074,-1.08075585760482
"29",-0.443228800631739,1.05235231818507,-0.763179511460911,0.0745283389370781,0.701893506130459,0.566647787697996,1.32992371093601,1.47117461706339,1.86881123998121,1.62660935431938,1.25613932825451,-0.195408100655749
"30",-1.28180043913789,0.115102894898293,0.600405421041397,0.499108234110706,-0.110658569088198,0.759455839026916,-0.40818523411091,0.368730149724031,0.155884870377303,-0.575698176016443,0.65817467359775,-0.240979515644441
"31",0.605076937996523,-0.52233960302442,-0.369574513082384,1.10074583385968,0.563094078924326,-1.57959319796568,0.2424000251263,0.375095991500083,0.882635082799652,-0.318443957595226,-1.4826359007556,-0.0675809716768965
"32",0.871212843402847,0.349233639071326,0.0068387776262212,-1.56390133739987,0.624049203569636,0.397312378963931,1.1333784402147,0.713157999297539,0.897156546024069,0.913529880946784,-0.955443338157438,1.28082308567936
"33",-2.04886828187754,0.128719498999853,0.441309355968267,0.417687759170878,-0.59166576313708,-0.479660163584033,-0.419459949399529,1.56064543366487,0.374275743982326,-1.46572553558996,-0.48223634903165,0.228488328593447
"34",-0.0251567477714808,0.606909741644368,0.908958222292615,-0.176334427233057,-0.305511472284258,0.734014151322059,0.588175471794396,-0.695422436387892,-1.24588230004876,1.92317571291393,1.75010013949986,0.470356385842556
"35",-0.660810073513777,-0.222284865801675,-0.933779269740434,-0.730903097792541,0.0405700385806276,-0.395911754110303,-1.28826219701232,0.0668162290846393,-0.95797596241124,-1.08160956678575,0.813329425900171,-0.201055221639911
"36",1.24980075817421,-1.15903349951543,-0.777251746406545,-1.3654845087203,0.668980460001065,-0.770393625191279,0.486330476235699,1.11135012297614,-0.526102243219883,-0.612774534626083,0.765636569733291,0.857043645599275
"37",-0.363196424781994,0.415979469547846,0.0454278094902602,0.685121865209941,1.24582811020604,-2.03478879292796,-1.38435003116887,0.466504969303424,0.965424210198527,-0.65916169764336,-1.62399862426833,-1.14321101521309
"38",0.416789835660567,-0.338158859993788,0.627531726738797,0.732763003135666,1.62847490783165,-0.219753139085644,1.38018685057446,0.498885544084348,0.610842364291534,0.45587771490486,-0.261664505029272,0.327704980562841
"39",0.298620282598855,0.63342816911365,0.574417653488063,-0.0664283235851082,-0.287988243914025,0.656296481328038,0.878274562583568,-0.550747413413352,-0.378572407629035,0.661898979925834,0.149782881775661,-0.831110525465652
"40",-2.33067847368814,-0.366278746520089,2.18135019489758,1.44005363185187,-0.190200575416001,0.251210171744855,-0.5112509791282,0.413611055995013,-0.0796586472623815,-0.241831139709193,-0.466930914113795,-0.997705366673329
"41",0.0168144293375184,0.278125013814511,0.52839257847372,-0.67946919737094,-0.832933678584718,-0.0942059373744608,-0.306516267185233,0.692288365019363,0.0350270533019771,0.725059473084483,-1.11584997964564,0.473295121615632
"42",0.0133155016982587,0.210801489640325,-0.296078801547744,0.828179911847696,0.738808517136223,-2.93586623557198,0.0477498806364231,0.865621153174927,0.190445106887978,-0.2827323428621,-1.18648622605924,-0.640260991066619
"43",0.771905418711528,0.137353013510987,-1.65133267192925,0.597969434897292,-0.364833804987415,-0.748079965062062,-1.58497287752724,-0.899817197542834,-0.398579052279272,-0.167879018633306,1.72638639565092,-0.914044948784685
"44",0.325859856005602,2.56174778308279,-0.971583535646022,1.69276618070893,0.208359472711401,1.37394805416169,1.31341855531636,1.80321337189466,0.636504237851955,2.00179793751131,1.13609715633972,0.289165414907642
"45",-0.206244745940449,-0.493597466482434,1.64093977150687,1.4242160761439,-0.82000657837109,-0.331193348047855,0.00602443513474108,0.0305857605774195,-1.62472206413494,-0.228737523595272,1.1355136734088,2.0061657057663
"46",-0.598190001616726,-0.0949381493560666,-1.58787866045139,-0.151042841196051,1.03325663520612,2.38943596395845,0.769474306506424,0.51179475825987,2.48932010532773,-0.282405405792334,-0.668949358724737,0.0746597691700639
"47",-2.38872620136381,-1.75523177304921,-0.983420981771784,-1.99059849300441,0.527039195443982,0.680646876012929,1.48656727567215,0.694566950064092,-0.103720313896501,-1.6530398992888,-1.08014288572187,0.201977733552154
"48",-0.453302993120229,0.924326070753465,-0.209512556451095,-0.106633083788287,-0.443515703429009,-0.436721659162481,-1.11987546856852,-0.646761559717476,-0.504769423342446,-0.426424754704207,0.905904867388981,-0.0486627031568115
"49",-0.121840844294106,-3.03830319045124,0.912413727998309,1.7823814993472,0.480832886927453,1.2971572073528,-1.01553729522666,0.466722548853052,-0.125668770555231,0.887870719603285,0.964566518163266,-1.62834248593543
"50",-0.48768699052829,1.12985118068713,-0.419350789678077,0.445107414985989,1.92418313575463,1.76181617403419,-1.11539313569282,-2.05598106366829,1.36805148498677,-0.0664931930308149,0.732860586500612,0.977736535076828
"51",0.0611642336873262,1.14771664699815,0.0226800654200693,1.97781727536548,1.84430924442876,0.150209197826916,-0.129541768281289,-0.548157375065507,0.523620259296927,2.34570452535377,0.76342444366922,0.217512564666771
"52",-0.585940625106913,1.91997438818931,0.85003927985309,0.290242973732436,0.201659526191703,0.787880121864048,0.334545314799514,1.32467625877496,0.0313136002951363,0.158843318959437,0.829471902574191,2.157296511277
"53",1.02181313288884,-0.632458404706909,-0.291374500593725,1.05162134474298,-1.152219943537,0.518835650967976,-1.06516662918861,-1.31751579403005,0.477111589254178,-0.290239878506319,-0.670742906161342,-0.0436453938049972
"54",-1.05935294850811,-2.17994890908392,1.60775938444049,0.412892244004985,-1.37115095624417,-1.56101007638717,-0.455781887972332,-0.393696002099015,-1.2938818637869,-2.06123256060092,1.12793141422548,0.872475149264513
"55",1.17591886503863,-0.566925239685354,-0.692548377984657,0.690880538296273,-1.17136800253658,0.414549117180299,-0.889139835441838,0.404872449727741,-0.996504516159545,1.82360265996625,-2.06488155329185,0.214065008296079
"56",-0.0481732018943194,0.356705516382468,-1.84765227185374,-1.31124214766604,0.827630197170806,1.07698166946347,0.287681811624809,1.09142098728678,-0.322956867368011,0.220507541874519,1.6338300284349,2.16294070894884
"57",1.14268587961983,1.28142110134916,1.59292075346266,0.815381992986586,0.211269149158628,0.314523928148132,2.40249692724577,1.47080495370405,2.4373049237909,1.81492094124373,0.551486902051737,0.622567668993788
"58",-0.164398531130616,-0.344776115976329,-1.16005097391544,-1.02033351310999,-0.106033723326631,0.229025594247894,1.4757030924561,0.55007860167938,1.58896951260382,0.366279168393745,-0.53087168043844,-0.589609451379892
"59",-0.247702736292153,-2.41599168751852,1.38314161934873,0.751306386684256,-0.957497989693054,-1.2534578156612,-0.757575584134391,-0.20979751474069,-0.827630721169793,-1.97240232660545,-1.33365784352043,-0.12929829627947
"60",-0.513461152850535,-0.44726673617029,-2.67255498976566,-2.42769197146475,1.66246432711532,0.36853853650824,-0.0404386634860957,1.42850817279744,-1.64289405756434,1.15519712391548,1.07368074117902,-0.182750377534407
"61",-3.59107994052107,-1.00629365030831,1.66038950919239,1.44061881058007,-0.330010513784857,-0.726082732422191,0.14869898196072,1.08313588027896,-1.33655773496876,-1.45860982094798,0.309044729420251,-0.139352402042078
"62",-1.08291337729591,-2.06404666943771,-0.0490836252293825,0.391666879037895,0.800799362033166,-0.350083252114537,-0.139468793696938,0.198047235116174,0.242120932208689,-0.234915116842047,-1.55625794306346,-1.07176774764093
"63",0.501780718089765,0.210178777121597,0.334129634221029,1.86655118556768,-1.26877213054821,-0.00202325329384342,0.294156876924083,3.08893118472368,-0.23865877619514,-0.448587434195713,-0.162645805963923,-0.425796075751639
"64",-1.6642525792144,-0.26711616007961,0.852500006009568,-0.214622790144968,0.0410533692403915,0.560111258691566,-0.66471498609891,-0.101974466586266,-0.881701578517645,-0.146486473321045,1.01766308866819,0.968441694639464
"65",-0.913989808949872,-2.07591913487869,0.0489195060901649,1.20642814126289,2.20562195714819,2.02472137874147,-0.0424008308750361,0.439673582244815,0.191047859340931,1.21772666469297,1.24035661066697,0.375038819099372
"66",0.0291947448951654,0.671062042183066,-0.889727964854837,-1.32470960785742,0.966798795679884,-0.107387253808656,-0.192380765602061,0.798988341873692,-0.0513115927678819,0.480711433653065,0.474793788987729,1.30204522283756
"67",-0.800117420996704,-0.653869614797539,0.157229421058846,0.296608071298628,0.680761676787451,-0.160466811505754,-1.22279503381613,1.39503858860256,-0.214302827355571,-0.878704247238301,0.0416048625226725,0.918313845887456
"68",1.23737163882809,-0.309784916968473,-0.696646289319111,-2.31568032465732,1.30459067901789,0.720125908670905,-1.11687973309321,-2.19653639341084,-0.248333735364135,0.761109016967195,0.531114057507282,-0.354999540501938
"69",-0.0887655268422911,0.319624513181331,-0.0724993039999112,-1.8524004471546,-0.370385492922965,0.36782286394823,1.22781723647961,2.12715265715715,1.06585850540695,-0.134080637874613,-0.457824325723413,1.06864221340984
"70",0.172068922979264,0.354832084542353,0.681255446757647,-0.154416610098405,-0.422968439138104,0.471195889564833,-0.643324760285042,-0.670092504705162,-0.352101271757457,-0.488801947935836,0.0956957337006865,1.17689458191454
"71",1.18450548194961,0.603282980927427,-2.77385238730952,-1.99312971850636,1.14734698137111,-0.0731691024938146,-0.471698576347632,-0.146092592852357,0.430302473295523,-1.00191801230659,0.874749405602154,1.53215640028758
"72",2.28872383131943,1.53938557696678,-1.05847712609232,0.318944374454499,-1.02125243134237,0.595245533307038,-1.29703856662409,1.12648560334781,0.424626621495049,-1.11667754522753,-0.985015347419036,1.15133410272437
"73",0.565144813700192,-0.102384188563481,1.8097014551682,-0.262905051160234,-0.624832492504863,-0.795623800218053,-0.172843402238475,-0.76146237648078,0.120246607883474,-1.00343614376261,-1.69179512200693,-0.453842437944479
"74",-0.890083780614514,-1.01229725741113,0.624213202209996,-0.690197770126704,1.66206722523107,-1.6367952436775,0.268584464912732,-1.16077231595204,-0.727979769954539,0.176108735627329,-1.10486237053029,0.157034871500331
"75",0.711016862722216,0.0986598576536341,1.17775986702608,1.17433773652868,1.07891489614538,-0.457317086831225,-0.753823105920825,0.496071530785144,0.878522723507673,1.30609813882089,0.119498148309083,0.88039498557914
"76",0.281269151208854,0.131399318993038,0.478295262305123,0.310381653416192,0.385079164258394,0.958484991263263,0.328998839013753,0.0098105272237318,0.39892922764101,-0.313698932434031,0.472723664153589,0.78070596073097
"77",-0.221065778999096,-0.699754805547054,-0.12072100600831,-1.90577173142459,-0.911255972514667,-0.400021300127883,1.18604899414199,-1.58094655403909,-0.940727988347375,-1.22304841092029,-0.193605670740814,-1.05379931947713
"78",0.734049622225364,0.703066096780855,-0.0698012709320805,3.03794242443029,-0.349164215467045,1.74250734581213,-1.19585639221425,-0.736693900446563,0.4230825450294,0.169440758888466,0.433629891028959,1.8240124960719
"79",0.554523218833518,0.286302674702982,-0.0838238978663739,-0.31118308006076,0.790832239330875,-0.158481221051369,0.989906642388554,0.268222737754738,1.31659543603444,0.483210778396919,1.57283007833131,0.436978086996102
"80",0.10125548394577,0.682923688591577,0.360365446924652,0.362772655873919,-1.14688503476022,-0.236768471430652,-1.03264213165504,-0.831387506823023,0.429462853120489,-1.78465782002082,0.633800526833772,-0.543364814675073
"81",0.746090681888425,-0.253958804603359,1.6154018564598,1.08503227438962,0.178133217372831,0.0254999462651569,0.582871003627872,-0.463046782788326,0.4328423786985,0.169016736501422,-0.0304961977870597,0.120894706631449
"82",0.761465339026237,-0.471405649713053,0.79868997162787,0.516644341453557,-3.38894933290552,-0.377190097021504,1.24488068181226,1.56200745439595,-3.05140321719551,-0.968070442555461,2.36097577178391,-0.571488999835086
"83",1.30931965511926,1.58368422137238,-0.806614494214717,-1.60088226798967,-1.93724686736709,-1.80636788372732,-0.287063186053068,0.291191810942814,-1.36158349313246,-1.00016239429865,-0.0255352581185576,-0.0908672305458803
"84",0.880820967928888,1.61324945896717,-1.82824323330689,-0.93053955674982,0.620128094114618,0.275121403184298,0.351055156074216,0.506106571076951,0.924375249250195,-0.325745110224356,-1.07809576756996,-0.605429342012838
"85",-0.0449700532257212,1.45730745432726,0.178010487553951,0.408193141324362,0.235912514652141,1.03004090892618,1.16166979283961,1.71163338174567,1.42349954224251,1.14438343183505,-1.57506277254592,0.311805986348811
"86",-0.181335834325317,-0.930049932128688,1.11508928773887,0.365688966696542,1.41275077174308,-0.437637494404363,-0.441721228704453,1.16545062096956,-0.16732035059876,0.859489415377104,0.193930449447222,0.991711503977377
"87",0.44438074546963,0.234956090618807,0.638223292055272,-0.0613974319985915,1.98010292699134,0.637010000111505,-1.17105099166399,-1.09291080644168,0.762591056427186,-1.13902143404241,1.37643439227324,0.277346586766248
"88",0.656647144380956,1.07534691758703,1.34083301710789,0.566809678618205,1.09077858251223,0.590713105965964,0.842658843017998,-0.158212512256128,1.08340323471498,0.104109130726332,2.65425031523948,2.08509646433793
"89",0.605532102321416,0.865320400379108,-1.02481439738628,0.208390355684084,0.959172125229335,0.903878901991334,0.290363976713827,0.147441674229403,1.36639019144804,0.825048207639487,1.94805283769124,0.347449810899929
"90",-0.433701181904081,-0.862511950266775,0.304508981663031,-0.200273358464702,-0.224432415726865,-0.709573078593686,0.320021486098929,-1.79100970286235,0.149457100954694,-0.791971261755917,0.121476728166715,-0.348472860689008
"91",-0.283217998511243,-0.51270890849754,-1.3516401635082,0.73482552888071,-0.787274367771735,-0.154148024337803,-1.49920515763808,-1.75195038621166,-0.877234010915528,-1.12218010487643,-0.667660035168751,-0.733445881543928
"92",0.295407158617976,-0.896667275361814,-0.418491660032727,-0.836998500825994,-0.604761396452881,-1.37551753664832,-0.409238342435963,-0.692411579918976,-1.80853026851271,-1.68302937385172,-1.53626218695836,1.06951332166998
"93",-0.567282808704819,-4.3603793694914,-0.224274674773584,0.0137069188682125,-0.532056037373072,0.732727603093562,-0.0813721487950593,2.02480106061381,0.479492312910459,-1.61102151760525,-0.736068272865691,0.329328880719731
"94",0.123740469035611,-0.511659878531436,1.77542863436279,0.14139967171823,0.0988737778869413,-1.02057062520966,-0.262630516669316,-0.590719899972352,-0.230929092805113,-1.10201186504055,-0.573808996207883,0.486905058908502
"95",2.1816148446887,-0.588284416761643,-0.368385048788862,1.60608526273205,0.968340366838761,0.0504803956954643,-0.18275080044337,2.46257357095071,1.70354800798044,1.19509396473168,-0.197869831612685,-0.426206961465777
"96",0.28311021700491,-1.59601338099297,-1.30855844187636,-0.533009661282846,1.10791629644576,0.539883383038838,-0.343620582497643,-0.509979220614003,-0.322385782089653,0.232931610415308,-0.465675932250745,-1.40391073491554
"97",0.615917811551997,-2.03926306591268,0.280411806826187,0.618766904044345,-1.90041514462396,-2.31417569000613,-0.0763966663808951,-0.471481580209889,-1.15488539245594,-1.05169444537208,-0.835700130546172,-1.06789464860958
"98",-0.625674342857552,-0.636504226803615,1.28219132281692,0.396814119773018,-0.516849712978284,0.584737881552897,0.230562102209214,0.823727482578499,0.387431817590868,-0.842434447098788,0.136577333665256,0.0991890222147443
"99",-0.435920747499525,1.32999524457116,0.339725485612973,0.427128826940633,-0.743507530860744,0.545229347286647,0.414937659293482,-0.153949452318877,-0.0523284902314577,-1.08716222485417,0.347501382329967,-0.00556457971915977
"100",1.14493803667185,0.559167663223443,-1.42684234036256,-1.10358522820227,-0.642050895519318,-0.711708130237922,-1.0618095735457,-0.559061653852283,-1.30102479744577,-1.63056391991867,-0.0266082883021564,-0.664982648030949
"101",-0.115617138193743,-0.864982848454873,1.95183051891819,-1.61257965543082,0.794990652919976,-0.467723046259473,-1.04079381941507,-0.475421250828522,-0.533792796265666,-0.302374691076274,0.535721184966837,0.293102345427626
"102",-1.25048815858963,-0.938761296702788,-0.657471205408147,-0.0629157491719319,-1.16239141043048,-1.24474449034816,-0.326448298981074,0.648286969041588,-1.32123042330134,-3.0688844988817,1.20125027556518,1.120103377001
"103",-0.660026731109218,-0.858341427824315,-0.625745374292533,-0.551626616345838,0.993418106612562,-1.04881507523639,-0.55440436263997,-0.432022275750819,0.138088825820284,0.946369689467877,-2.50632142189902,-1.09861935681038
"104",0.589053714491469,0.980718314396899,-0.609563878294194,0.00830730244698623,0.720432685752601,0.332862912155089,0.901652656599555,-0.801431867883516,1.34999244516797,0.21601882833161,0.616689468674625,0.617151739421365
"105",1.24178020049746,-0.127414409118018,1.4543838734133,1.27264959648838,-0.642384097025642,-0.0386810348831961,1.41469878972093,0.0406378731111582,0.0122805374659717,-0.150820572187118,0.021942788118458,-0.647920287173865
"106",0.179314630494943,1.1203736055236,-0.0977773376821919,-0.189180044869378,-0.946044704474989,-2.64422727362898,0.135262693983951,-1.3227051739012,-0.40478022133557,-1.94190581294664,0.225604985586941,-0.580270056950678
"107",-0.554930752478436,-0.880848381293403,-0.226665864950589,0.126829020284645,-0.932824833473901,-0.120926532099268,0.837553468890615,-0.429770613783643,0.449584208919449,-0.185340419060185,-0.813622807109575,-0.179137010030103
"108",-0.510738732048638,-0.877065325215601,-2.21255335019266,-0.276723198346533,0.409801831188943,0.693076438551301,1.51472817453136,0.951861942421486,0.182024095870573,-0.31100328669664,-0.546604638517228,1.48497577028573
"109",0.118410652330533,0.59121344761444,0.822364558686502,-0.608805879247746,0.591227842933058,-1.18066429778471,-0.379982735034656,-1.32940310628968,-0.79054063168173,-0.0432608026617116,1.93852179837102,-0.34320603919015
"110",-0.397359379805432,0.917074341132132,-1.86027323413489,0.116694473255015,-1.6257365079679,0.296865320300459,-0.198674974855908,0.234498656815174,-0.103131831550186,-0.641322054706448,0.238486009310198,-1.20174964659481
"111",0.39836688231795,0.437881400939376,0.729149997067614,-0.281171831019433,2.32496641302368,0.747654388390925,-1.17067611159709,-1.81106646683725,1.57468122778261,0.0881683347395835,1.54423209461219,0.558920642886816
"112",1.97545141447476,-0.253610174636413,-0.651452389923936,0.102307065839614,-0.237039283151522,-0.534666083494482,-1.35091720116643,0.644284421578316,0.0220902944420866,0.279131795316729,-1.58514352219532,-0.932553574203644
"113",-0.835784073943922,-0.762621883699132,-0.228259938669585,-1.28908279271367,-0.100292495491955,1.58044757641251,-0.739793595427583,0.160884291449399,-0.701760066431178,0.176293158245727,1.2555756759678,0.707712081103885
"114",-1.21779734777219,-0.410765200981968,-0.31261477762132,-1.37385653630872,-1.86879019510049,-2.51339770162591,0.245199932382618,0.198263935344294,-1.29917157512822,-1.24023948401676,-1.86342590853069,-2.3168690864709
"115",-1.15517924573032,-0.14431167508124,-0.774076256944648,0.160271474532786,0.887406204738423,0.686694307483414,0.388521720127984,0.20391205329122,0.876368322887641,0.034889644016221,-0.459140959608652,-1.13293788230097
"116",-0.910648600452459,-1.10279799144386,1.67188746966788,-1.0364137224527,-0.364722416808761,-0.388403945306155,0.923150464088029,0.965654253177807,-1.06975078986358,0.635887608411458,0.459456738635706,0.215090649170863
"117",2.01195978308792,1.41145863398809,0.626879606723622,1.42427998067354,-0.715179415907741,0.397113590534725,2.04536043338738,1.02998894561562,0.700868077389996,0.910683203345268,1.98549055162995,0.14389074029328
"118",-1.97895100862568,0.227180061994381,1.1473198316616,-0.23226682669079,-1.14318184385981,-1.8327025408294,-1.02987091898948,-1.26384157859225,-2.0349612382226,-0.535021312212257,-0.156100507664656,-0.0838006643782257
"119",0.257058303050244,-1.50522221005812,0.353003010906771,-0.605153877484639,-1.70098830907542,-1.98560462387901,1.04674430661152,1.71345458246838,-0.497719675039171,-0.882104828531049,-0.560910045949965,-0.0325022439055934
"120",-0.206263512056959,-1.4281539946067,0.26847034176198,-0.688956921232526,1.55528145493132,-0.0179445001834646,0.557207787035086,2.11816307683523,1.49882177058626,1.01698372106716,0.878167047505441,0.438896236007265
"121",-1.37582035174306,-1.46796394501746,-0.543566993203842,-1.12895946599741,1.52606076840443,0.700433477728929,0.171587021538241,-0.937954970015422,1.71197786759924,1.06881838683764,-1.08529829020564,-0.00340515383303072
"122",-0.872198672570369,-0.806371274757484,0.591502416361788,1.28116379237428,0.817984802393682,-0.163117820536487,-0.0111143831949485,-2.25145352990215,0.214305387549416,-0.378862085644972,0.220789529860696,1.02298216982438
"123",-0.765739858396945,0.919056932702612,0.707400079584711,0.598946671647402,1.52140903242701,1.22573016197597,1.25987862969302,0.824923985867862,0.919774581816204,1.3458578572093,0.956318907956095,1.35261327160985
"124",-0.243204888623176,-0.90998184424042,-1.02449268945428,-0.699988827808681,0.501235750684322,-0.836688267800692,-0.140886313413948,-1.68425864610874,-1.29443351356001,-0.790138328300389,0.436545411553367,1.05621185835013
"125",1.43423851777402,-0.957556191648222,0.679285447521222,-1.40849994116042,1.11758577253467,0.26510867806426,0.943005318617211,0.746653440554927,0.386974179442816,1.30024423516906,1.68117113520677,0.687727327056773
"126",0.575068954584697,1.57262867025527,-0.710714683241558,1.10919895516639,-0.284219222143522,1.32354921954085,-1.39387924408642,-0.958459191240578,0.825300689297087,-0.720183986888589,0.867614693717719,0.934788623404981
"127",-0.867619097257065,0.188738063820283,-0.311740764857296,-0.263392016323181,-0.39385349071026,0.701325266437848,0.380235106458453,-0.957951427143607,-0.236483283622857,0.390023006173639,-0.981407771130715,-0.12731268070303
"128",-1.51397356212709,1.58668141691398,-0.727690480357955,0.56196711987692,-0.22223786271569,0.303165471637867,-0.863115438839916,-0.152369524994231,0.281022219640571,-0.831711895512033,0.888868442310005,-0.71244759787083
"129",-0.0610098911699003,-0.255290767914,-1.38505546686035,-1.07066714479502,-0.813646059106886,0.254446801269355,0.458982647760156,-0.307561935833068,0.750590688507403,-1.04547451074631,-0.610006035375375,0.626081724210527
"130",0.121046278389412,1.25940759601609,0.00108295695725531,-0.976184528848492,1.14342329313721,2.06722050409549,0.257273411903398,1.22174364579627,0.40996643839707,1.83272775008749,0.517124012137435,1.48380782107264
"131",0.916957598323531,0.385166694904297,-0.608713280168732,0.497376167398166,-1.14548903601927,-1.32116710015419,0.490038288851445,0.454930401022891,-0.564265691806726,-0.592645321173383,0.648336010103688,0.239264933439482
"132",-2.58798225709773,0.116093400735196,0.288685831195872,0.630453188314372,0.0413169668601776,-0.721335523397234,1.5642058677451,0.505521359598834,0.592829041407253,0.654563657428151,-1.17282962215596,-0.341213705320085
"133",-1.69287189744202,-2.12442529698638,1.4279032585233,1.12798509589013,-0.387194857192687,-0.833876321992649,-0.436253078431823,1.65222074810628,-0.261160588060846,-1.29662913066396,-0.667408835221591,-2.54983968195943
"134",-0.54985431834848,0.0344923273540739,-0.675803139476896,0.515359100625171,1.02513837775096,-0.0082757356231465,0.473619377939322,-0.517209596081699,0.233469420989546,0.213665650881508,-0.136511468748019,-0.230670521552512
"135",1.40553114514247,2.00770510883588,0.475552581999132,0.795252803391825,0.691772816436931,-0.523852216548572,-0.444858319543319,0.510623968235439,0.706476662832692,0.442265588815992,0.917803992790302,1.17920428837807
"136",-1.05455573437949,0.34122400602903,-0.340417790716476,-2.09008979272825,1.16826360914109,1.84773925970544,-0.736584538899771,0.330510328403298,2.71989225103741,0.466527184619831,1.01301591137858,-0.519486116091896
"137",0.337265797591707,0.29706965575009,-0.0313697343001814,-0.0726632851196433,-1.48477526620258,0.219465157493099,-0.426828988332926,-0.996352924309362,-0.0761666436600961,-0.319296765508851,-0.887421457946361,-0.354123249356558
"138",1.32197495869684,1.03469376532127,-0.891853032547115,-0.469901394538443,-1.21131067927136,-0.603165066055886,0.538928275889838,0.372593812592438,0.419232911277197,-0.837709817140525,1.31954266533589,0.344305293607487
"139",-0.18856500967447,0.182730006943179,-0.11748702637726,-1.6790395052329,0.268756665649615,1.32686933833374,-0.782497309032624,1.04785213603019,-0.380448141708177,-0.211614120868638,1.4462034921572,0.648844110028886
"140",-0.0233126995471496,-0.234157193082318,0.567229049672676,0.462347657985731,-0.269310860378824,0.532078294553607,0.840042588565915,0.265588254835294,-0.474797163728671,0.130662515331169,-1.07762269723791,-0.191640927682174
"141",1.50662193292071,0.60965108223596,-0.272261646240279,0.289051595032737,-1.25921500812358,0.103652176566765,-0.0329441699458847,2.02121564242427,0.445769393048373,-0.61257146287784,0.724607017037891,1.14515340411067
"142",-0.895871858561146,-0.0447179434924533,0.402086579252581,-0.97106281027318,-0.283354097550937,-0.523991207205149,0.411287335112169,-0.0232323918028345,-0.279065655185003,-1.27386098595719,-0.184638845951928,1.16660561528798
"143",0.994512617452828,-0.726622286129724,1.25965265316066,-0.125674856786554,-0.399689924176219,0.0695976494669554,-0.87357170973767,-0.438113803082524,0.874883888921299,0.386018738554765,-1.32274631745775,-0.943157500593199
"144",-1.79493606686097,-0.952066530022712,-2.21674326098361,-0.822447322010605,-0.680782018006236,0.713673221933666,-0.743475041381439,0.300415973180326,-0.3369399427799,-0.433463239452401,-0.647702180568934,-1.53748736054166
"145",0.889512580007575,0.464723401649685,-0.359903878362821,-0.229605780252676,-1.14797417977604,-1.83550850313383,-0.784546639974392,0.885694231128512,-1.40986327860871,-0.180560127569893,-0.43999270922151,-0.976066339591448
"146",1.32404104692519,0.829816734146839,1.07139941464075,0.501140896397492,-0.56097220736006,-0.836449747098654,0.897400994514468,-1.36843033267069,0.238397077136364,-0.29094507850527,-1.89775157246301,-2.02776304478457
"147",-0.698158229602657,-0.00401009867018835,2.0896401602296,3.0874807136165,-1.20071145060492,-1.53423338273012,-0.639367966361738,-2.00636933331521,-1.94624280861047,-1.90934708017799,-0.522164776387694,0.114566057808236
"148",0.670169738810346,0.757697707604183,-0.80563843501565,-1.69594130552852,0.833999852994255,-1.24685518039684,-0.215567915790241,-0.148919210068296,-0.379602901234029,0.960358707288239,-0.0476972380258779,-2.08379346090146
"149",0.868853509341828,1.80813584783876,-0.844462285324758,-0.523242405514792,1.75698910784046,-0.378842348085857,-1.23890546303692,-2.26618107329252,0.816065605715027,1.2839762386761,0.5583215781719,0.811832921567329
"150",-1.16866090486924,-0.309255568333269,0.097989461891771,-1.57990390340124,-0.771934187836987,-0.664073188378213,1.18176091324796,1.04288931890115,0.135507742147482,-0.933675972701456,-0.359281284267789,-1.96455793710218
"151",-0.381316852246791,0.550289488404902,0.723103968779662,1.44275859483683,1.87810929082774,0.550302370298015,0.168102018301154,2.05719463879249,1.40440733673865,0.435748154534434,1.52282642251147,0.475437559157848
"152",-0.0700945406727245,-0.517317869586765,-0.417798664702912,0.646295902175359,2.16823134742648,0.222997912542846,0.284462896388537,-0.0713587713670603,1.04120823751151,-0.22080744477976,1.67335709409116,0.980310187004827
"153",-0.158104204719541,-0.60187177377086,0.786885797059977,-0.0511331200556759,-0.364714294804493,-0.879234399592161,0.91037092303745,-0.874599014959092,-1.45755832122034,-1.27401417219712,-0.044189299409166,-1.0738427717311
"154",-0.101478355099913,-0.159228274367999,0.645054472681211,0.624088922215384,-1.12890616820378,-1.08148223838817,0.622910832564312,1.8191332113398,-1.62620287086559,-0.430479366875417,1.24892454269723,0.243176866955849
"155",0.271046340742717,-1.80890454759109,1.44510677914502,1.09471735639151,0.0106753259823418,1.73477488775145,0.149356963852068,-0.246767395870428,-0.136471083042142,0.856435539403166,0.152838913031379,1.70525115482993
"156",1.24907621200144,-0.503100184308156,-1.31882619677597,0.148965020167251,-1.99786546030291,-0.911153439530817,-1.69988758036194,-0.735667158042538,-1.74524596395711,-0.250539636538537,-0.949504159449737,-0.218037093604311
"157",0.658904145236956,0.615390372390262,0.140048334162024,-0.954128605817392,0.989417058897236,2.17972315815124,-1.37598488126382,0.0573206046659222,1.10178951392219,0.390898824535013,0.293740499125792,1.84512515587397
"158",1.15869151949695,2.10936392537175,-0.448857807149372,-0.960294535037012,0.546515054572017,-0.0913375476465393,1.34326071202129,-0.214976310092278,-0.330980277328924,0.402167157187336,-0.107301761684262,1.95824202318127
"159",-0.701299137094633,0.0233551828698747,-0.196865068115651,1.2984846238677,-0.272609972329759,-0.281747105811863,0.136725142236153,1.52911987274305,0.669665776469385,0.400363298188235,0.727331330223342,0.996924649447698
"160",0.51221004034339,1.63839436877087,1.60022952493539,1.11119481655209,-0.0310498566685982,-0.251494006759192,-0.84445632698119,0.0152231551617335,-1.52610583162937,-0.144812445508686,2.03945349443705,1.39743958687772
"161",0.402584409961838,-1.02274200625753,-0.665152431038014,-0.290365297506633,0.968709297841218,0.149500370431432,-0.149239284788978,0.309685886394325,0.501885297352658,1.18372853033571,-0.283604197877503,-0.0884237727443164
"162",-0.345175051656979,-0.558927607181029,-0.968705886776849,-0.782612059286533,1.91675277553565,0.637658605246829,-1.30012089562515,-1.14081579847183,-0.957258505515205,-0.656912093183685,-0.426422293450412,1.94344059477236
"163",-0.525490365909205,-0.485004392510439,-0.570749440689773,1.26782659226799,0.515504193138249,-0.609502809876212,0.418806051563198,1.52230430578646,-0.57998454880856,-0.672161888281412,0.470271099828808,-0.026566952928554
"164",-0.578450122383104,-1.47697059272825,-0.507450829764815,-0.343603471723225,1.14556862616425,-0.458265147015245,-0.708637018002139,0.337303419805838,-0.00995662268832065,0.328060728378534,-0.109204688457829,0.571751519391106
"165",-0.363824971161654,0.395458853965125,0.48996068925764,0.978121040911131,1.76180290041678,1.42721803639669,-0.244116162665881,0.282056402918305,2.07047786506891,1.18230854480326,0.599025510413171,0.290330489856509
"166",-0.251170020064276,0.959066260611741,-0.534477374827418,0.258418034792905,-0.10037432382234,0.322794480493582,0.732395771666421,-0.506536641068035,0.66778803428301,-0.937762072018255,-0.409742978607033,0.239928765519523
"167",0.482316134897647,-0.848605835274154,-0.0397300621198552,0.568404018586598,-0.836926076194997,-0.402651237950383,0.00397216118036131,0.591754262346474,-0.901404365500617,-0.0267669093316016,1.29419812320075,-0.368497917659173
"168",-1.28747870218733,-0.160910770873133,-0.0384024992853189,-1.10392699488757,0.19066183241177,0.384637887084872,-0.173819061525824,-0.823077439167778,-0.446218267786412,-1.29954127942627,1.83098188251858,-0.514709280481401
"169",0.0665212467447661,-0.102100949784812,0.532175100174842,-0.329776834469312,-1.62847105898062,-0.382732406864448,-0.0699318470688145,-0.122807094325577,-0.689471003912234,0.329412683248163,-2.43652455203964,0.275951425699869
"170",0.704269166567177,0.639386016316746,-0.50072435481245,-0.766530394040291,-0.808608637896846,-0.528708898910047,-0.837836608489562,1.75414299403647,-1.64740238354918,-0.0603102866935121,0.236540695912539,-0.0937014794927595
"171",-1.2201515521381,1.65033372471548,-0.626804722652863,0.149799377380028,-0.441881804789327,-0.139638242635859,0.677137393985408,0.257100336350272,0.023132240199832,-0.599173718442269,-0.285783758484462,-0.485168175843312
"172",0.206270457051323,0.243052147803349,0.802813612379973,0.110218095556824,-1.17594861722749,-1.0637178148384,0.063975328896469,-0.606564645628047,-1.5936846508444,-0.746849427781301,-1.8349045595334,-0.0412507822723714
"173",0.0371339064838581,-0.531861148906599,-1.51903577484754,-1.27590990562753,-0.384054803874002,-2.14051486106718,0.0791802443025403,0.631865844269363,-0.0483310524261042,-0.772374477156924,-0.578193745874498,-1.60931975382399
"174",-0.208523517343725,-2.13316307580054,2.45712177014671,1.74770382187173,0.307590437451344,1.28807215177841,1.44813762655354,-0.68650350439998,0.754199406905575,1.09112344110005,0.261911506228427,-1.38450378567898
"175",-0.0469200967670804,-1.78169476830798,0.222424501315565,0.80385113126919,0.597479277698759,-0.110841238486275,-1.22257941276861,-1.92863397854004,-1.02195259078353,-1.32235429063573,-0.711710352492774,0.302030745641514
"176",-0.728336905519266,-1.10460321149633,1.52566889286015,0.437742595198956,-1.10364653563686,-0.428710765595894,-0.263729765587371,0.678661497294118,-1.12019472125666,-0.17672457050817,-0.579979566122032,-0.153247127499539
"177",0.192548233395838,0.196439116444401,-0.718036829899157,-1.87298052113925,1.06456905578187,-0.795430650689872,-1.003983636508,0.174135640191978,-0.640030168289893,-0.900002738222521,1.77346747865365,1.04843212225863
"178",-1.26806487770403,0.266802234774971,1.1634992516767,0.120861228350601,1.87989327719649,0.902844207142794,1.70134490324071,-0.459184113388398,1.79739254471295,1.20336251575635,0.850220321854127,0.0401429181262781
"179",0.672838686544444,-0.425595484948919,0.8792446025698,0.222822745520632,-0.263600735692571,-0.325029031253966,-0.353334507055151,1.57659148289092,0.316121787061154,-0.311288403357515,1.12025428300081,-0.196348644853316
"180",-0.611875273015247,-0.956686719651726,0.0921493706935647,-0.447200599774761,-0.925173469340969,-0.179271983069871,-0.0963086818314105,-1.89068109961075,-1.54493416520658,-0.319358522076766,0.475548005853732,-0.43710311393172
"181",1.89991299660579,0.305786460866301,0.0764857164185344,-0.479001050309657,1.17018044613257,-1.75951638088233,-2.26708489184889,0.308999992700337,0.211149472254282,0.546974220543804,-0.293801195909536,-0.666020331744587
"182",-0.927637657300759,-0.768264895854536,-0.708206659906624,0.763514922391205,0.924755846108567,-0.576329558482046,1.15406767090922,-0.0161415943766596,-0.129627480997689,0.452060566874528,1.78748772599571,1.34875464467928
"183",-2.48342314620459,-0.735204259146148,1.82573488104361,0.314493488254345,-1.32841691483177,-1.93220355069281,0.687567041697898,-0.568143270181744,-0.309878944935648,-0.236066781129326,-0.75684523357645,-0.951756718629337
"184",-1.78889644467759,-0.267101938755435,0.980703487967358,1.31485137854484,0.276423219259377,-1.89568334011401,-1.80373535451013,-0.331813384524884,-1.83371025735428,-0.943535611753586,2.90607544289548,1.71133284959172
"185",0.426546372310819,0.463084380914889,0.382574649516372,-0.245605114819125,-0.328706494783321,1.90749685025673,0.694452819170304,-0.291068612146409,1.12978312360986,1.40079755039811,-0.488985711789821,0.407544165222585
"186",0.748915041546002,1.47454116728813,0.38691733433489,-0.354691428014278,-1.26871624767872,-0.056226743147341,-1.24516859558249,-1.14882220038771,-0.595779114235459,0.229387327546794,-1.38729057200745,-0.133147395234352
"187",1.8862200225113,-0.100780371484783,-1.40919105911196,0.352969822780366,-0.0565294099217423,0.893422940240475,-1.08924772794444,-0.930923754872938,0.532255905388677,-0.819628558709619,0.609476584990072,-0.99993457391451
"188",-0.275943012210539,-1.3538084401514,-3.1304015209778,-1.67915494873416,-1.71597069750454,0.485717616459367,-1.28620533170694,-0.19685382729817,-1.97027158740039,-1.1065170573399,1.12229236521404,0.121070532456379
"189",0.986109901071119,-0.485088259771287,0.749517811748273,0.117190965144369,1.79425395882101,-0.15751157981563,-0.595475650762782,-1.20334630944546,0.292730696950589,1.41193835120721,0.657953551843204,0.205620211022181
"190",0.380068993740216,-0.187655977016753,-0.744841252281702,-0.0119965314170477,1.2189576643564,0.698784949910895,1.02823505215891,0.595512769950741,1.40006000357725,1.07180817391701,1.17641444541831,1.01815137029279
"191",-1.23020955605143,2.27488902672221,1.38274503323572,-0.444500505554036,2.3188922343466,-0.258666504640056,-0.572703910497013,0.779819191494088,0.589077103978387,0.522748280403478,0.78726407939642,0.652254999320581
"192",0.950649111415745,0.820235038814881,0.711618493552904,0.332199413500693,-0.0272799885715533,1.02040829150596,-1.02987027878884,-1.06958059073361,-0.147859848804982,0.386774534004767,1.02415034009321,-0.017695096507851
"193",0.67331002457021,2.34395263585576,-0.184335302996552,0.0320903860908279,1.60105518596187,1.44231162692592,-1.76412250004386,-1.65376952167859,0.254217619583235,1.05805324012558,-0.161267516526294,-2.08266278754407
"194",1.02986943309047,0.464716108050908,1.64748038785409,0.30558496895609,-1.67737059624561,-1.13156425218825,0.396788039917301,0.850243163857825,-0.373133529507999,-0.369844536923857,0.365280746199156,0.337594306324983
"195",-0.896298542360032,-1.55814031865507,-0.715462619307896,0.795202868392701,0.101858846488418,0.0981402488505448,1.25810935803301,-0.45817242435713,0.22366539267398,-0.459540095120206,-1.16912216379835,-1.49192076177642
"196",-0.558173426714574,-0.539859336678814,0.265443214217784,-1.52757905356349,-0.369649807264172,0.114778890335441,0.72545550146452,0.123864486360041,0.367081110212959,0.306179464617736,-0.433522811739222,-0.107181631355322
"197",1.27274633341876,-0.333670104247565,0.0586998362140471,0.260262682927953,-1.47433262414584,-1.98938055214136,-0.797265723816639,0.118264907903313,-0.0629042144953285,-1.1819818541521,-0.444919125541012,-1.81374403331944
"198",1.21813068311759,-1.37656364417294,2.21953639611571,-0.811152867094413,2.08524963570304,1.85068499917514,0.729500217269425,-0.733624759069078,3.23812818985445,0.40936086953113,-0.679281801837139,-0.0952489928892728
"199",-1.16512103902509,-1.57908704470407,2.47722071054838,1.17607141416601,-0.31025587565778,-0.155379689248171,0.271593338391407,1.90142373966111,-0.429573264801099,-0.564053223518651,-0.0426148784010549,-0.325586534416313
"200",0.563601982138908,0.248245407756156,-1.29713014702032,-0.479741511418598,1.43228160233116,0.389842351429389,-0.316669394796192,-2.16311364621707,1.03005538425934,1.04728472121995,-1.42463444635563,-0.570074553772576
"201",0.679153577751973,-1.50956082771172,-0.429992314012069,-1.09401972939015,0.138669757406731,-0.453197422590444,-1.21303981156173,0.695378541602772,-1.64054411787186,-0.0837810759715605,-0.00128647792818985,0.911542703685279
"202",-1.09689866325227,0.0229577896899116,0.820123791611594,-0.235216709828388,0.0180858468031173,-0.259757939271096,1.47063756606489,0.638590500841869,0.571236775044418,-0.84466351473346,0.133619551457373,-0.377367122889892
"203",-0.138552132198998,0.471902457632944,-0.462067047771968,0.307009203989651,1.39729619644247,-0.0570497316973745,0.624342999007117,-0.238698918743536,1.24028056206438,0.77524256272803,0.215130727754418,-0.41547429657864
"204",-1.5235530190034,-1.34249881011071,-0.841750563180342,-0.153329152420165,0.340719622639765,-0.488274463735231,-0.61887494682795,-0.153569708946279,-0.304523880779873,-1.30639894132928,-0.222004671640032,0.16707479924108
"205",-0.916006755902274,0.0804767455574365,-0.758865214365297,-0.745885513539586,-0.22880714527898,-0.514047361182597,1.66520752749858,1.58696759392244,0.78026656732594,-0.301017269476082,1.22047813155114,1.0194790429755
"206",1.00438975395456,-1.42489790790447,-0.962187553213571,-0.442885036352558,0.0934967331549419,0.213931231605178,1.19764154406562,-0.507960915789234,-0.453391080170668,-0.72548421602341,0.0210438377245973,-0.195652749781528
"207",-0.470457771337943,1.64588024366681,-0.800803772693201,0.398490690626413,1.22400309025357,0.408592764510594,0.37857451439175,0.301917425301053,0.535754877427137,0.203025799079411,0.673315144306194,0.930781289655659
"208",-1.49120151551969,-1.05915381009182,-0.121335506970667,-0.69196366802683,-3.19122618044476,-1.66071591157048,1.40294222085707,0.617546138861915,-1.35701900152425,-1.8449145464698,-0.129241048048833,-1.46474691437794
"209",-0.415587025372514,1.69691285345211,1.49536131701173,0.972191607178898,-1.70689273254855,-0.0745354631506259,0.711917513349719,-0.156078576237398,-0.236515073121078,-0.0644702125609587,-1.0821086223584,-0.6520619293537
"210",0.118739181055649,1.35863315114538,-2.25832687810893,-2.14113750914501,-1.3905663436034,-0.103750736049556,-0.147901852219673,0.560357201759401,0.730542428534442,-0.862922677520149,0.152460451791349,-2.14173628352407
"211",-0.92330210058089,-0.704834291579373,0.42862916684003,0.332144924319806,-0.551398434915678,1.99558936937996,-0.222742448206578,-0.0874364993261598,-0.388675898429176,0.313347526345433,-0.643793476688809,1.05002597922798
"212",0.233601395939865,0.505956188191688,0.88350541385126,0.561414764013595,-0.0727378508318494,-0.723798424938772,1.84893474548771,1.04249966745347,0.520890172098248,-0.711605607647284,1.72504771864092,-0.740936384860046
"213",-1.28225427525894,-0.712553313836703,-1.17553454745344,0.196651487876101,-0.408952716641222,0.269373071686291,1.04635877896621,0.0228968533489415,-0.721201328923307,-0.785415859776674,1.9298579593721,1.09765679582981
"214",0.527777523694374,-2.00531647257654,-1.46456916451177,-0.875072406784967,-0.729180173084322,0.608512283941043,0.38596064870195,0.580521743092589,-0.119351045104452,0.225939238014752,-1.04056007089306,-0.297632626349104
"215",-0.178829267560581,0.49701367075141,0.681006181960773,1.42907442490257,1.62754989345792,-0.0292991684271566,1.87756195625822,0.0207482208085643,0.156662270841073,1.03692553700542,1.90608453762287,1.02035352149645
"216",0.626819042099205,1.85811662763372,0.177700071123536,0.676921012956937,-0.753071004035948,0.579381273737799,0.486001151535325,-0.674385827241468,1.92724399623093,0.687232379584172,-0.431143414953584,0.168437020876799
"217",1.05197615608924,0.637695467888487,-1.51343354969842,-0.0572688833334091,0.941089737536172,-0.872916547131065,0.792180981297177,1.57822478164795,0.167171787227158,0.639205141641479,0.808418667205959,1.0353353432631
"218",-0.523058000120519,-2.27705576359668,0.0221174322300655,0.369914540375818,-0.856480226884007,0.374605615593977,0.406943608917183,0.192134713013329,-1.35831124771496,0.970320760306557,-0.168707276234205,0.759403516609783
"219",0.815100169103697,-1.69058509637708,-1.06864206882378,-0.594052157772679,-1.98654986259605,-1.33457117652807,1.38422926030251,1.48716591331961,0.254405815836242,-1.13677439557743,-0.490561210559489,0.328093991021324
"220",-1.03183400635378,-0.974532434039639,-1.4422380457391,-1.28276079844364,-0.550367835981287,-0.619210129056619,-0.209646766897871,1.77991590713963,-0.680033135074516,-1.09326102148083,-0.599664336606958,-0.715625149479786
"221",-0.759057756929264,-1.126906304659,-1.78543509145291,-0.36444406897868,1.88696837580238,0.514906367498783,-0.570537252913891,-0.830792938907728,1.23355962828649,-0.565144735188042,1.36278777468775,0.301809749335674
"222",-0.0220578883838119,0.440483370072734,1.31681919882689,1.07361082024257,0.28632830101756,-1.53075681715992,1.25634689993368,-0.151520237354125,-0.143103503509556,-0.242203469473518,-0.0374654194264175,-0.32346543868274
"223",0.317300511891939,-0.79893831104461,0.368849857585225,-0.529535547060131,-0.0679201864326657,0.437294491767521,-1.78402138461032,-0.36038077200494,0.107537851849518,-0.144620098997395,-0.0414722588221893,-0.682611444618544
"224",0.0733155902720098,-0.113653602506832,-1.41249875078157,-0.697525054812064,0.0810310031363134,0.136187463441845,-0.763870721391094,-0.999732863489149,0.17100255779358,-0.803401526897466,1.12398373087266,-0.371985571741465
"225",-1.82924443705076,-0.841733344689808,0.7113633719229,-0.300821825039328,0.232097777089967,0.40574111597557,-1.3393510115651,0.595778894333892,-1.39007531726627,-1.11764474928867,0.814778701901491,0.406107173771955
"226",0.247791539751491,0.339085780662892,-0.627384260778688,-0.280682846990848,-0.00900845017944324,-1.77072612338562,-0.106777477165879,0.90881249590186,0.260292541567817,-0.0794042242747165,-0.555587568802048,-1.03869201562761
"227",0.406772494969851,0.969626026834744,1.16831825181612,-0.283952450341084,0.37326735597882,0.631189547595417,-0.0343972116543828,1.28296126648344,0.252792030602253,0.910355239074383,-0.26563296704666,0.0256190090803159
"228",0.60415177970895,-0.380908404223971,1.17355758400369,0.346127409289876,2.10815763555113,1.58871760599682,-0.52740495457573,-1.62096550325129,1.61754159306983,1.57242424151707,-2.28030188458976,-0.869705881352051
"229",-0.237206759848816,-0.45984862105966,-1.06947088509881,-0.12610039488681,-0.204496210292596,-1.42247658367892,0.274313867564644,-0.925422117094111,-0.690138491969783,-0.181169320393229,0.0384850920039686,-0.597248665211599
"230",-0.755613969561578,-1.40394086052952,-3.2565015310904,-2.31660332028551,-0.35270773494529,1.04977666425159,-0.0819744120488705,0.743937668366848,-1.399537047218,1.26269277553187,1.83742586061788,1.35612299373911
"231",0.455356285662409,-0.716222217887218,0.464767774148343,0.547009875387589,-1.36496343188766,-0.239604270841475,-0.738753149534616,0.016748517956352,-2.23235953217814,-0.224836961319487,0.761838744728621,1.0045592007499
"232",0.356237370181047,-0.207706100235314,1.33571032669926,-0.69663733930338,0.430863833525643,0.194259049613861,1.26908577127603,1.59146941142662,0.699143366443739,0.927957680610444,-0.291881385832711,-1.41321704116225
"233",0.701554253363072,1.53958056018782,-1.13245241200945,-1.10526558080746,0.412834465307994,0.886760788661793,0.336119775815935,-0.58607286309609,-0.394276073586952,-0.262981872404043,1.06363732876092,1.18301841190617
"234",1.8282573703272,0.802007737610043,0.970895367048125,1.87273548590678,0.570182545591543,0.285047661400878,0.741776899357864,0.532459104654517,0.813292003520223,2.15472450262708,1.3039075272885,2.06054414382793
"235",-0.567027770391404,-0.562316400623542,1.26992932610022,-0.795425340957461,-2.13891100137418,-0.680319981124097,1.6858454510942,1.87109520504567,-1.31813167399604,-0.447153592502777,0.445232429807174,-0.366385698511491
"236",0.21009683429814,0.335770252611368,-0.14362054659086,0.379675644015942,0.26898058662876,-0.465672733293076,1.05724593925417,0.667588352255266,-0.62530960040093,0.487516770801569,-0.362848217256501,-0.678053645736265
"237",-0.300338705824003,-0.108157578665853,-0.859039242474632,0.672330529877755,0.664528608563033,1.09836843545083,-1.17981468152122,-1.22562682544971,-0.539474580309212,0.570001551117102,1.08427185111078,0.148051369580087
"238",-0.054398599953921,-0.289476374135186,0.0415518235320998,0.20939740941001,0.530443927134888,1.97519143383351,0.116996467783252,-0.547315048544542,0.627555419970318,0.739974209784114,-0.677251889974443,0.619433360095649
"239",-1.08032828631817,-0.60365205136834,-0.0303757687616266,-0.457735328337354,0.145097043965041,0.132625020144682,-0.811040235732519,0.384471348585502,0.0570336882133627,-0.19542885206406,0.922762355078167,-1.04376949785713
"240",-0.69492442474871,-1.39801382048115,-1.25278289778127,0.140180103669239,0.385755273891233,-0.664428757280182,-0.129547135747832,-1.27638783269195,-0.21905607172102,0.138436966218129,-0.80147532631468,-0.299593758105462
"241",-0.214031274464741,0.146579835175172,1.14258326100271,-0.481665073120973,-1.04637293914993,-0.382609172123907,2.01428804531268,-0.256758682901855,-0.328812485702746,-0.306645826487485,1.2326361228576,0.289328540403001
"242",-0.375486637161218,-1.02087330583308,0.212269006498339,0.523371313795855,0.290275983032666,0.0318633553406634,0.263286663961445,-2.95305466006902,-1.41268577073188,-0.87041446022148,-0.417704713396654,-0.768631914376323
"243",0.713645431839859,-0.0507823824216363,-1.23611452879847,-0.695231215452621,0.349926845833538,-0.255717299002456,-0.398076599802544,0.784195700637683,0.652189395743126,-0.605396951313811,0.307725128349193,-0.753890632830314
"244",-0.041596398102174,0.669077608295915,0.0205422787161077,-0.0307093522437786,-0.326653111510513,0.47924463170685,-0.0414542095116345,0.496013271784119,-0.643671866303672,1.1298334267518,0.266723408678102,-0.566330868946286
"245",0.432982168991491,-0.980219861396485,-0.545916082328656,-0.171441472758924,0.670313335432926,-1.58707050669306,1.62349349669631,1.56660808766064,0.143548035447209,0.83923919616425,0.980247323459309,1.24258249897829
"246",-0.420979123267669,-0.69449101110623,-0.754642486853396,-0.891040321295757,0.202229384100564,1.47909476616554,-1.66269731505385,0.0879262248352518,-0.862577071765018,0.398414129284667,0.463708048101046,-1.15549532880559
"247",-0.937703561188924,-0.158606989090502,-0.998714219343349,-0.945790236977092,-1.4047827574625,-0.63272215381989,-1.66493265570523,-0.290076677193257,-0.332648863210652,-2.26937131545099,0.321413039387885,0.116816640271712
"248",0.818524091845586,0.343470429057489,-1.07375913876909,-1.0880341414246,0.226840375438262,2.25033365208633,0.892621731263528,-0.445795255119898,0.32098528311745,0.405178929902343,0.226047949448739,-0.14743694154778
"249",-0.61163411958306,-0.0182032276586426,-0.43186036805843,0.808396173734076,1.43692478022075,0.503149755413651,0.0211148154388361,-0.96754131077493,0.229112832811691,-0.894272876255742,1.08958808795206,1.46707882469558
"250",-0.213904972531,-1.60089595460175,0.530327127017324,0.542358858398433,0.336683664545455,0.166595352200359,-2.25650088352842,-2.28568651798273,0.69086483814697,-0.41464558071963,-0.29062826918014,0.772372113885223
"251",-1.20182440071473,-0.178290368190244,-0.0470885591921536,-0.113028502647051,-0.20070515605835,-0.333001929114934,0.117016287496554,0.386031029918665,0.497252737432362,0.181560516905427,-0.411882512326523,0.282360083264931
"252",-0.23236577477985,0.612938995715043,-2.00555910402671,-2.45673614535746,1.19003418270677,0.709248939345909,1.43376923611961,2.05798144309233,0.422766930998202,0.547355437224521,1.05756609836272,2.02697403794361
"253",1.75311956709041,-0.314315370269221,-0.0852546374343609,-0.00141348762163174,-0.362961543272091,1.24679574731025,0.0293757960133604,-0.0356952827203891,0.0807447823625756,1.05957278069064,-0.898561257827445,0.575242176969816
"254",0.811850731230805,1.63702256299194,0.13706594281059,-0.15419012267134,0.902043089340167,0.997435359798767,1.17087060877324,0.609939133743288,1.57989863332671,2.61956016138611,-0.920508183692323,1.05812499842409
"255",-1.39749032514156,-2.44157060874111,-0.690308051675357,0.376307659744078,-0.22188970182088,-1.13914108286483,-1.43618608534945,0.384654609167791,-1.27076215640724,-1.4633110302781,-1.28216972327533,-3.11163623306068
"256",-0.747300808810606,-1.14064613737553,0.468994005252458,0.73545500291292,-0.225641442279143,-1.0353364273911,-0.994071902083953,0.15897467155286,-0.759604973358008,0.403731238526811,-1.25696399043733,-1.92370057542202
"257",-1.39626352990575,-0.907533469964576,1.72071219015949,-0.43059701868562,-1.22642432105902,-1.46146645856729,0.136784631900417,-0.181428212061601,-0.832677875962293,-0.604406064191572,-1.27257604318258,-0.437728665849153
"258",-0.413874070333519,-0.667328748709238,2.16884906792159,0.44526028493093,0.0051208371636555,-0.761648841140393,1.04899098868077,0.681622471143599,0.38019411749538,-0.364993208977365,-0.663190047640938,-1.8006869199743
"259",-0.127945066229138,-0.300158625324978,-0.0673296322569249,-0.0709436842953384,-1.42666451020545,1.61276084700924,0.147132658692673,0.596482192131816,1.01663961250112,0.263832256236774,0.908366603165584,0.100572595690427
"260",-1.93803478005242,0.509931832522846,-1.11551824189167,-0.886010219037946,-1.42701786848126,-1.25513257180647,-0.0078642772835481,-1.68654511321226,-1.43247935839773,-0.614015152963735,-0.526543457259904,-2.00667187305944
"261",0.822962271277996,0.743449529136355,0.542055904635158,1.04748661596698,0.587294667589348,-0.298218060502339,1.88504879852098,-0.301330410472374,1.27039353297218,1.08602474186803,1.04337055697311,-0.311607449287338
"262",-0.483080399605297,0.750740826969376,-0.814392101849081,0.133727577649587,-0.586830866073898,-0.949476638239472,1.29141013597693,0.144709969567935,0.609093614088128,0.160404649647563,-0.249929878723297,0.647944397756666
"263",0.226835705123678,-1.00720946111097,-0.465634149395482,-2.05913571975058,-0.485024326782351,0.562160559213003,0.114954338563434,0.452771588218033,-0.775827987867583,-0.600951453487769,0.00977928674470357,-1.02117753719095
"264",1.48496767409983,1.30320628611519,0.010548202879637,-0.0105567969152747,-1.14600331760687,-0.106254396883779,0.128734674580102,0.120130258292937,-0.484252386102391,0.810823451206855,-1.45075804324538,-1.82706670689379
"265",-1.07860950092649,-0.222798012565923,0.894496329405609,0.0560459259481251,-0.337869811534141,0.624798162699617,-0.895779733213594,1.19301330844033,-0.744852869868539,0.180324278863894,0.615741833008616,0.280622181594806
"266",-0.196349601705571,-2.17177823892375,-1.08400417191194,-0.105443855226633,0.147598443558006,-0.73633392122076,-0.594861826632131,-0.491540331768481,-0.839124547332547,-0.377748674645037,-0.611198923758323,-1.03962252984115
"267",-1.0453252884573,-0.722776793826012,-0.70272103347012,-0.706527619704058,-0.533768643699782,-0.308334061487714,-0.530165147482064,-1.5167261313196,-0.330021866056944,-1.06801331137099,-1.17309510878903,-1.15022208147402
"268",1.1304626657218,1.83932637819282,0.624293561234749,-1.86317670987599,0.834940102246217,-0.123497699187622,0.0823824165214321,-0.483631006399452,0.445529925948242,-0.737457915472939,1.43483975346151,0.319749659501418
"269",1.02302377525365,-0.202344248312078,-0.64359051363832,-0.91818157569151,-1.0653723715175,0.494815553871639,-1.98689613275439,-1.02501853921112,-0.0225058753996509,-1.44971292668011,-0.979590836189609,-0.537610192062845
"270",0.330091103379942,-0.13843636757355,-1.13608127977037,-0.74490901468518,2.25577930568065,1.78411766030608,-1.00127498211104,-0.105398746692793,0.374278638376736,1.13675826708743,-0.533276900014284,-0.476462454807459
"271",-0.637577407928436,-0.0488833108679979,-0.731267145417233,-0.141329185736984,-1.3674931607888,-0.875267810717641,-1.12360771165463,-0.364413585743364,-1.84545014433286,0.62106991127527,-0.734851256764625,-0.771210087772296
"272",0.805725652332885,0.387401357512106,0.21404247922319,-0.43492042202062,-0.140832451856665,0.0522387642531481,0.589986585679827,0.0739273827901716,-0.672989599941656,0.592572349360715,0.307355052320581,0.389566968840941
"273",-0.135741294570261,-0.742268025519885,1.29561197911046,0.40199042631318,0.297082621347991,-0.286708355694506,0.42080588082245,1.90391358563018,0.013043782120859,-0.107664295287243,-0.354209410955389,0.955480957236837
"274",0.283799463020957,0.186238466017655,0.516358916209677,-1.11502549015193,0.529723179449827,0.760081143742558,2.02551448827305,-1.1036277114532,0.33590572478541,-0.710681955951904,0.860957612083105,1.21641987991538
"275",-1.74265137493251,-0.91921638442259,0.134832971524909,0.0522653566341755,0.288945553678054,0.716204142228354,0.330496097493148,0.739500285587966,1.11034941292887,0.548275061061171,-0.434000438278263,-0.972582201515304
"276",-2.35470017783599,-1.78820862156875,1.53977674422154,0.932384631573995,0.677448597623512,-1.37380992427484,0.330140330193877,-0.150065592475393,-0.655673113499495,0.192531339693114,-0.861902829027746,-0.641394143439703
"277",-0.291504690565169,0.636342889281241,0.923077184628981,-0.246265505597024,0.680806922581984,2.52751710091322,1.03507184270872,0.819346684813112,0.520431276064067,1.88827818616691,1.62684775077442,2.70381903843677
"278",-0.622454440333358,-0.00313555825644243,-0.659207664801815,-0.816290783706381,0.500167794458162,1.10756040129016,0.554932405146397,-0.46009245628585,1.155636164532,-0.080050381926259,-0.667563506327127,1.0792938475481
"279",0.263311651355193,0.663084451532684,0.355428169036252,-0.061937708722848,-1.10442998668846,1.02952379515265,1.71713660938628,1.05334293459191,-0.344750938387138,-0.2970021908512,1.75235380065406,0.177951718832788
"280",-0.106429209181228,-0.174712408614516,-0.233565256875839,-0.28995655788267,1.60097936107214,1.78455550671375,0.461735065116357,0.130936668029179,0.650328158751625,1.11137548606582,0.380272866153982,1.01948473401222
"281",-0.925229816838986,-1.03791841535419,0.936793932274063,-0.959653656068597,0.533227838042532,0.424717381901949,0.574232098623599,0.769460028815892,0.30939162242893,0.148051807166168,0.478361044452366,-0.543184099627916
"282",-0.992056974185803,-0.0963068428767943,0.482563858940945,-0.868447468735522,0.0657200814367799,-1.66314263852074,-1.35235547601195,-0.285418679120956,-1.53729646081546,-0.402947238766487,-0.517202752981055,-0.296800590636294
"283",-2.88970572142361,-0.222697186844058,0.0806330731564219,0.696647525469533,-2.7307346878858,-1.97962527754917,-1.48801521401784,0.858826875053389,-2.41603553706859,-0.999928966706149,-0.795898129511675,-1.42804225395121
"284",-0.484234313280088,0.733913314594164,0.00613134395705906,0.81850447625152,0.0125689985635491,-0.652602364455681,0.694991587056748,-0.807325171526166,0.280589170620538,-0.307897160141579,-0.423194886466527,0.65633675093528
"285",1.89559025493566,-0.130993930585681,-0.0552276096609739,0.0353532562441041,0.425230196897885,-0.21303750678652,-0.704130207824133,0.335714059921704,0.31665923194666,-0.579978355474116,0.558525872633008,1.43946347094275
"286",-0.147474745640607,1.90256425938971,0.37709531865387,-0.544956315833613,-0.907650434340454,0.202017044256735,0.37172842452195,1.51237476337861,-0.0482001410818669,0.419697417979444,-0.634099853706825,0.109028198310375
"287",0.241625602423691,1.03286730249682,1.08099975949002,0.961282090943352,-1.07546209270881,-0.497096400733747,1.38411248735934,1.06594211839897,0.424803669263612,-0.300958380645383,-1.37798355323624,-0.869098800407368
"288",1.13583314978597,0.208657734012617,1.50860923340462,0.627518357432948,1.43726716343962,0.739426767277534,-2.57732189345784,-1.3181981764414,-0.188550880808309,-0.650770956355444,0.732513533452125,1.58294272766476
"289",1.70692201753629,0.510602038468369,-1.06987678598107,0.191229880587305,-1.06547091515842,-0.387370067243398,-1.31859737175859,-0.789016901984731,-0.330130628830421,-0.0030915029406314,-0.249856929373597,-1.0602028623635
"290",0.312865747933938,0.109529389247661,-0.184667139863788,-0.589447990611347,2.18154500894934,0.151885486260162,-0.321094456605494,0.734375872682657,0.73197688237137,1.59064673640213,1.78764534141767,1.89712101796264
"291",0.594281023415936,1.98914231841344,0.935773126534566,2.13358160935675,0.913518691274135,-0.245424424744183,-1.31241762545611,-0.79154523715694,0.179931564547966,0.792567646310048,-1.18781550229816,-0.636561985459127
"292",0.325464106642021,0.459434216242367,-0.760529186104586,-0.0202610631725619,-1.42481757385582,0.103675437401079,-1.17998770243954,-0.283431279803209,-0.960875555035206,-0.31347012195118,0.205990247305159,-1.12050650185263
"293",0.780371320263781,1.03730251947117,-0.723957584694154,0.339383189812658,-0.445774790981003,-2.2254788094578,-0.50915062171986,-0.340299728568359,0.503603123512683,-0.901225945523243,-1.00990058959256,0.393994713576346
"294",-0.766324957589936,-0.940272866116757,0.18541864647215,0.46076718258501,0.557620522076791,0.737908090441037,-0.148971310957367,0.170671236955578,-1.05319671795218,0.522357047710469,-0.102531421620119,-0.0899379388112028
"295",0.0292640526968046,1.22415361843668,-0.539201099635952,0.0263547755045849,-1.15243050611166,-0.546136473427649,1.52084052637943,0.408933721356147,0.383033336062449,-1.71232121982518,0.8212730312781,0.197455184697297
"296",0.176449761758881,-1.33768737218854,0.716611326038837,1.13525790747896,-1.13806241452381,0.466487066276196,0.340877578761424,0.278479760367895,-1.30598662657034,0.492435961161545,-0.162425193573622,-2.4215037256973
"297",0.0199652878271549,0.962310659761653,0.672657290780839,2.36099428483662,2.34500419536872,0.260456175071024,0.177527819502252,-0.00444213350215576,1.63568166870963,1.64962387697815,-0.149180088732943,1.19298335043925
"298",-0.739466938367406,0.78854888045026,1.06076431783804,-0.131646430240811,0.564328304444189,-0.265683903299825,-1.65230183444968,-1.46074923097979,-0.512282784789183,0.211286806670637,-0.473229896877394,0.11773661244565
"299",-0.146382403915849,1.00173138128541,0.0863985218490347,0.00106183841048001,-1.01538008249154,-0.382570632769835,-1.26578248571793,-1.26496414630051,-1.59488290127678,0.144338232021436,-0.581732205515529,-0.556011697384537
"300",0.136300568728131,0.251676437145899,-0.678843708654036,0.493427185839734,-1.30944605894225,0.414665626582073,0.874037017341482,-1.75831924078964,0.00818595157352572,-1.65370604066471,-0.67013070801842,0.0631179632616529
