"","x11","x12","x13","x14","x21","x22","x23","x24","x31","x32","x33","x34","y1","y2","y3","y4"
"1",0.879048706895575,1.0408452469041,3.85199133626598,2.05445487804459,-0.820986697119997,-0.676585917824674,-1.23575081128241,-0.187589487121175,5.11333018766472,-0.112564188099167,2.6482801266815,4.95464592723903,0.440272311578903,-0.509941367837135,2.48972407690065,10.0593325435149
"2",2.25857547032189,5.09986743072524,3.87215397958444,1.30741177968726,1.12035502842611,2.40239848994699,1.47318231468324,0.557408556606355,4.86026199197182,11.3038767541334,7.89970975350393,5.05592232673551,4.66315744103465,5.28054926698646,3.33154667284432,-1.58673065169946
"3",0.626294296212948,0.541237972892105,3.05476129447206,2.12448900445587,1.02447486299323,1.29578161773666,0.578889581294814,-0.50680592456862,5.09231820815831,0.835330597563197,3.08430066808539,4.96305479752349,2.49168671890971,2.30299233735275,2.89866889751386,4.401849307539
"4",2.8015429011881,2.59247953813071,1.55698937430823,5.06311069999365,0.761309895393914,1.35852267886343,0.465656323309389,1.07030939562151,4.94051891569612,7.68331737331109,6.23429468287667,5.02380397916044,4.04638612502475,4.43482213501414,3.20859470649189,0.114229119416221
"5",2.99570095645848,-0.908430356089934,2.50773292473665,0.901202027987494,-0.275890474750511,0.452957098303238,-0.0367452596883344,-0.237409855152314,4.8301677311578,12.6614924369051,8.52419712697005,5.06796587243831,5.39120313690002,6.27885768750828,3.47668093505382,-3.59456792956184
"6",-0.13564741197369,0.554632667049498,-0.869129829760396,-0.765014369211167,0.11162049819721,-0.189625953243593,-0.508565312395318,-0.396412766782922,5.12271939350436,-0.536131099259979,2.45344428971035,4.950888422433,2.13781167357394,1.81775296353663,2.8281247078966,5.3777818784827
"7",0.749921464301487,-1.54647777884168,1.76924840990392,0.985677215943324,-0.00815215232553516,0.175619986861258,1.30704125910229,-0.704964277435827,5.01034673609402,4.53323687617539,4.78529440921529,4.99585929723301,2.82219632224539,2.75619262676748,2.96455523913457,3.49035500706093
"8",-0.276273874023895,3.03353420956913,2.28216660262939,1.29330775513405,-0.199619050552942,0.44710554645913,1.52117954181968,0.778960434883929,4.95848853942949,6.87266968388272,5.86140620434644,5.01661264171466,3.37438614568368,3.51336453726092,3.07463303106362,1.9675009908198
"9",3.79025132209004,4.4160974772799,4.74375255468047,4.8263611842293,-0.0137534164753999,-0.273228805057581,0.242620458933868,0.770828500762632,4.84429599030562,12.0241368192383,8.23102097948476,5.06231182644597,4.88684958207093,5.5872796676595,3.37613919503865,-2.20363893381439
"10",3.10783530707518,2.44668342523521,2.01853797309977,1.79168670293086,-0.183858310546053,0.0498923832155713,0.13247247416269,0.576171229388463,4.9818713747921,5.81782058185217,5.37618792535214,5.00725496889821,3.74209350713139,4.01757101400519,3.14793466160109,0.953421034229194
"11",0.610586042158975,0.945169731778118,-0.881131664502115,4.0980765248982,1.11138040702469,0.797450562723282,0.574083897030749,1.72330673330559,4.83979132431706,12.2273518185867,8.32449750808006,5.06411456720922,4.93480021726066,5.65303037966993,3.3856980456716,-2.33587935962543
"12",4.41592399660998,1.26268086978009,1.90162677440471,1.65721101031835,0.164534117605585,1.44872695584949,0.487194052923371,1.01046250027812,4.99258089261232,5.33469160794254,5.15395423448445,5.00296908302383,3.62144956249889,3.85214202171037,3.12388456420511,1.28613834958064
"13",3.55993023667264,2.63556565942752,3.14549936649154,2.79011243229318,-1.54608859424524,-0.870378590821973,-0.823284229050027,-1.40946254657616,5.21403753910665,-4.65568556705206,0.558497301332952,4.91434343909373,-0.427487443335073,-1.69982804011652,2.31673813313399,12.4524795589286
"14",1.91425908541737,4.32761823397654,2.37860996407102,5.05287237821102,-1.0358928844223,0.303183600633255,0.50217105274752,-1.0843723512226,4.93014042365141,8.15151307515879,6.44965924283673,5.02795739047162,3.16554373576801,3.22699633597231,3.03300076916949,2.54345601425947
"15",-1.09750560846044,1.4638279129428,0.991027234759152,1.18077098418077,0.424378794934342,-0.75130311247542,-0.967172467995609,0.0918508154975959,5.13427870876719,-1.05759623109719,2.21357641350082,4.9462624526336,1.42483666447574,0.840109720472968,2.68599475299551,7.34405653621566
"16",2.75927896551976,1.50958974014113,1.54549752287505,0.343082467535489,-0.686024000093054,0.51736690262262,-0.0247646455600945,0.375507546404706,4.87886484013159,10.464662973074,7.5136812061315,5.0484775766086,5.07128830193694,5.84018512147672,3.41290663653667,-2.71229235945963
"17",-0.143582452951156,1.45393580198895,1.83537461992453,1.37023903328277,-0.523626697886161,-1.25880027038287,0.152749754418383,-0.219207263639727,5.12356675378232,-0.574357311541243,2.43586067808298,4.9505493138469,1.23165176738787,0.575211362340067,2.64748378085724,7.87683056413156
"18",3.84453493575948,6.47311830320482,3.30403387655987,0.254305204383503,-0.239067759454706,-0.0595743280994345,0.983052265837785,-0.380846643362588,4.83967950113334,12.2323963986432,8.32681795604607,5.06415931818789,4.74635419234195,5.39463004222051,3.34813175697817,-1.81617440725011
"19",4.01147704892451,1.77736677090296,1.472767907287,3.9369736474287,-0.749408444463181,-0.911306598443393,-1.84771163226251,-0.229133731573897,5.03470805541465,3.43424629564311,4.2797715651513,4.98611004090698,0.865809037332165,0.0735616993100723,2.57455386036889,8.88576815611565
"20",1.43045398589798,-0.39911810637511,1.30651263582525,0.864855602521361,0.192369646744246,0.275601015997024,0.120597254296608,-0.256175262494806,5.14389852896705,-1.49156664324587,2.01395508746292,4.94241265732061,1.45438406906666,0.880625615251546,2.69188496124736,7.26256937031571
"21",2.01152837179977,2.67308941581121,1.62292063191353,3.09573338693988,-0.823418613776223,0.326019978739784,-1.33027445422298,-0.108831395321606,4.94179310089298,7.62583618722353,6.20785400796472,5.02329405775891,3.24391668508545,3.33446263333394,3.04862423929089,2.32731555754194
"22",1.5590268763625,2.35417665671822,3.76219845248941,3.10693284968378,-0.792611650757683,-0.151818007834632,-0.91958116509127,-0.879740633867556,5.09230846565656,0.835770102399164,3.08450283518181,4.96305869641523,2.12952940000227,1.80639617165582,2.82647365539939,5.4006231063302
"23",1.34813682893755,3.66386157774827,3.95971780529177,3.61002077997271,1.76936591702701,1.46343268341752,-0.673701553281618,0.739712051641215,4.80938625038655,13.5989889376704,8.95543457864809,5.07628249848827,6.36806420535382,7.61834590350304,3.67141597882425,-6.28859947136314
"24",2.47746347022288,1.15116650903004,4.09814613719569,1.48260028774353,-0.451812936257225,-1.21025362135074,-0.382732723605372,-0.408453058328262,5.05020437246852,2.73517469566098,3.95820678590072,4.97990850620849,2.11256293323282,1.78313146898861,2.82309142863688,5.44741399410934
"25",6.37466598603315,6.84189246578928,4.68728907594952,3.35304794045796,-0.328506572568084,1.54415811716638,-1.43083056958909,0.60887585443,5.02233158827357,3.99257487503134,4.53659619711298,4.99106303006906,3.20296911300968,3.27831463845489,3.04046143344473,2.44024261983844
"26",0.579186872601398,1.73452907219655,1.03505916431832,0.787680678262918,-0.289023270462573,0.424045656255622,-0.325680108389517,-0.517155590395568,5.07180864769621,1.76056019872139,3.50989548907389,4.97126260266933,2.04875361579356,1.69563506695076,2.81037118557902,5.62339020955446
"27",0.0967628654699686,0.970391125616705,-0.259358967637628,-1.93529900640306,-1.71037966639463,-1.03657749286423,1.1082350853774,0.372747777276342,5.32851507270826,-9.82000895425934,-1.81703119965089,4.86853020525506,-0.902851383139324,-2.35165501555786,2.22197540728272,13.7634596860153
"28",1.23954695942448,3.211522298589,1.21081876370402,2.87674800260519,1.67557215582683,1.63016928715509,2.03620040306126,2.04927194037666,4.96422921019545,6.61369589782906,5.74228128445818,5.0143152591286,2.80197964549133,2.72847118187307,2.96052509036549,3.54610947062251
"29",-1.23576541657833,0.285881144453943,1.19822698821667,1.03825095375527,0.475392431765103,-0.266788500834261,-0.36560474723862,-1.30482534358735,5.1266925316152,-0.715367753133393,2.37099752025513,4.94929839599184,1.70055829059419,1.2181838202681,2.74095923532013,6.58365899197163
"30",2.21135238829789,0.995940835049384,0.348203021110725,-0.23041573671809,-0.00581771387999253,0.77595600538964,1.09927400302229,0.542562080145676,4.9602101974148,6.7950020549729,5.82568000127091,5.01592364434208,4.36983498030048,4.87834060873589,3.27307350396235,-0.777792731399871
"31",2.23529319420025,0.476572426450329,0.769544922489711,0.965435326619041,-0.547627617221911,2.57585788889871,1.2775779747105,1.94951544939837,4.97554092461772,6.10340056299417,5.50755138454095,5.00978837772541,4.47745608860632,5.0259124703069,3.29452752840181,-1.07459508098933
"32",5.68772401046441,2.71465165150614,3.85184321692395,3.68682164619516,-0.337680640667324,-0.201712589630317,0.186488418024905,1.2371810603938,4.91763960953828,8.71545120915342,6.70906420446528,5.03296014255861,3.37649540763263,3.51625679248155,3.07505350766077,1.9616839730228
"33",0.0762867317397429,0.914634137713301,3.35591529690877,2.30059963185439,-0.311474545456128,0.583515579774466,-1.61972864182705,-0.737941743106604,5.11694774776788,-0.275759966848275,2.57321197261913,4.95319820101959,1.89620415089446,1.48645669226941,2.77996079490667,6.04409800864159
"34",2.08246584398588,1.3094469423438,-1.55563441026447,2.7478707920647,-1.29200907676331,0.318195858476064,-0.458879790399585,-0.666791061831373,5.27713758080976,-7.50226175408964,-0.750894530960196,4.88909117452421,-0.788113549857631,-2.19432458181168,2.24484813474395,13.4470305110988
"35",-0.921280141849644,1.82098661284885,4.08412189747239,-0.537038451187616,1.36909984619857,1.65127057589021,0.27355889846445,1.16174048896398,4.87681106466213,10.557313123329,7.55629919421035,5.04929948543975,4.95099611867719,5.67523847025256,3.38892666197447,-2.3805451474975
"36",3.40356867074942,2.24764496211263,-0.0168961170482191,-0.486320463113384,-1.22844456851225,-1.02611697764456,0.568409598149105,0.724888819217574,5.06174958412037,2.2143458075106,3.71863157436347,4.97528818059103,2.16102474800657,1.84958311898414,2.83275218176332,5.3137638141712
"37",-1.20307234714919,-0.521093244043251,-2.29509207166647,0.582877505903565,1.10901875546684,0.0600921090520947,-1.1464787412235,-0.923812994786175,5.28565259061536,-7.88639183531925,-0.927589886310442,4.8856835178156,-0.736435482662012,-2.12346275276624,2.25515004051366,13.3045104050773
"38",6.20021788105134,1.87090676514318,4.64341369998637,4.89459713576673,0.95255652462752,0.224639091370849,-1.37336361807658,-0.191492717281462,4.93815662797945,7.78988516280374,6.28331462261432,5.02474935277352,4.26711791802116,4.73749325700089,3.25259709000249,-0.494514981269394
"39",2.66440515790024,0.585643060250361,1.55495078292319,1.2579057980563,1.41023922112458,1.26237979979084,0.220318214122349,-0.498920114567438,4.87234425058966,10.758820542776,7.64899025597495,5.05108707808939,5.1456801503359,5.94219246675276,3.42773648319754,-2.91745355639109
"40",3.12597906644096,1.91790668494089,3.94335277689967,2.15454529284871,-0.826547225636788,-0.383371772320436,0.321802807754118,-1.75568640093998,5.02160635071942,4.02529187324367,4.55164563454994,4.99135326586128,2.95481028480195,2.93803510760465,2.99099153252059,3.12462623605346
"41",4.10542293115866,1.23548358390068,0.389143940786832,7.05704670495251,1.02320175527412,0.516327407509198,0.978398968162122,-0.67753125080532,4.92618064885955,8.33014688148146,6.53182870945261,5.02954206899133,4.28541337306742,4.76258029059464,3.25624424757104,-0.544971012897562
"42",1.16628482367914,2.09968775260699,2.7948381168372,1.25027834073031,-0.666654380122182,-0.721509384809756,0.389612461777043,0.563205129422133,4.97713246342793,6.03160288496396,5.47452529037967,5.00915145327935,3.58306853194726,3.79951331144451,3.11623339260478,1.39198728782997
"43",3.03372408862722,3.15592735193522,2.37816891734497,2.74519244011772,0.435090459248337,1.60683373197091,0.259809914709133,1.37591446347231,4.78658091576432,14.6277857612686,9.42866911354053,5.08540905891412,5.95076222180391,7.04613445243038,3.58822777258249,-5.13774522765871
"44",1.93186549252307,5.65251957682402,1.98419824726555,1.15922357365409,-0.035940029790719,-0.595905223198887,0.543321559864173,1.06972475739277,4.84822006038015,11.8471137281447,8.14959242308049,5.06074143674358,5.04957222208267,5.81040767000305,3.40857758515208,-2.65240277435796
"45",2.07557679834216,2.57555683197865,2.92988439948995,1.6705152815387,0.878250416184849,-0.00203112507882947,-0.0915069000144239,1.28532648609994,4.93640690468799,7.86881887696523,6.31962321013299,5.02544958171612,4.43334281293413,4.96542360977185,3.28573364670635,-0.952937498441626
"46",-0.126652267942382,3.12457477038364,1.09499747491216,0.154733999259782,0.352826406417748,0.894845343619511,0.139341571730408,1.34368898251042,5.09362107267411,0.776555626810138,3.05726486732314,4.96253339882765,2.3022048794024,2.04317167363566,2.86089612152581,4.92441087613463
"47",1.52744086211781,1.42220176401938,3.46237311868606,2.23698535925499,-0.808755144962193,0.13719273088464,-0.891074703431947,-2.33749576973686,5.12205079976446,-0.505969423175168,2.46731830878406,4.9511559897048,1.9915402834915,1.61718318992211,2.79896583723431,5.78117571950143
"48",3.50810757036904,1.88925464362861,2.81597512880462,2.03996083346113,-1.34295751067967,-0.553443650409974,0.0887696859295799,-1.83643373218429,5.05202813862,2.65290075166017,3.92036173162964,4.97917864574997,3.07720301940655,3.10586206992359,3.01539024724073,2.78708602879143
"49",2.18916705634714,0.543768700920989,-0.562884688051509,4.20038440189304,-1.25142446891953,0.902429424720737,-0.470609016997055,0.194890042188125,4.98418043584625,5.71365395955274,5.32827249450664,5.00633089628157,3.5985274154218,3.82071079071283,3.11931508604847,1.34935408130106
"50",3.20141764734484,0.433443251282125,0.88025720351074,-0.245629068513872,-0.526935321377321,-0.522048024365115,-0.27842651884855,-0.323186368498353,5.26608296136487,-7.00356451682584,-0.521499620599499,4.89351516803361,-0.428366520780227,-1.70103344579472,2.31656289103428,12.4549039183809
"51",6.39762069776744,6.47197630457926,4.52355226963064,5.70715253731724,-0.192560211042065,-0.503135796264149,-2.72046666476607,0.623261217795939,4.93330685810833,8.00866852736477,6.38395241755631,5.02669020207539,3.23709462479378,3.32510811029622,3.0472642770072,2.34612974330424
"52",1.17132010416228,0.760776233660058,0.0229157376448628,0.0485805682480112,1.79042420824304,-0.058352655850552,0.440097967099808,1.63029297304147,4.90661357258343,9.21285902990814,6.93786599827666,5.03737269752406,3.94809078626271,4.30003792443303,3.18899975311069,0.385312440871673
"53",5.30181493467338,3.55732800965102,3.81444097044488,4.05369963603485,0.998290023052202,1.60471444387228,-0.0074095386558084,2.68640806328505,4.72120936805743,17.576834382944,10.7851970701226,5.1115703667906,6.07645879838521,7.21849169806003,3.61328510072547,-5.48439691943149
"54",4.46495175697068,2.33862710334034,1.3137688970875,5.17884642662528,-1.13345995977033,0.0861807245139972,-0.233741723417659,-0.639416269586199,5.06030702961619,2.27942248874996,3.7485660884213,4.97586548239642,2.10543019391325,1.77335093767779,2.82166953319191,5.46708498451619
"55",1.11767356618943,0.306449785934783,-0.877451098614059,-1.39464585079879,-0.379415798181019,-1.04828272397328,0.84899666785955,-0.0739090434627585,5.0870097204939,1.0748076908717,3.19445733679757,4.96517922298102,1.62521962916033,1.11487818914165,2.725940643623,6.79143135262184
"56",0.852053041404026,2.49640935439141,3.59519522016871,3.35470982595584,0.259217949214378,0.311156333505347,-0.116200876231703,-0.782979160489301,5.02319122837985,3.95379469375268,4.51875776621049,4.99071900716809,2.6413822117174,2.5082572978254,2.92851035530712,3.98901232148964
"57",1.27268540580949,1.73983263020393,0.520238138280722,0.249167558667274,0.253726309683961,-1.68628179518773,-1.6357735538103,-1.6180485652992,5.17108564833468,-2.71803503371334,1.44979393823504,4.93153253248036,0.246018740757892,-0.776305109245625,2.45100006707163,10.5950538080829
"58",3.76930099795384,1.12559255304569,5.4912795253996,2.95373545196294,-1.07867886267235,-0.446511193187495,0.79676293257608,-1.38007570299355,4.77917828294826,14.9617341664806,9.5822814834406,5.08837154891154,5.4900351379245,6.41437777834884,3.49638287084278,-3.86713128242501
"59",2.42907765325843,0.935371319223049,0.850176854863295,-0.528728889798921,0.433676020596611,0.995866618515332,-0.331435446849435,0.232785206089428,5.14208894223221,-1.40993236268547,2.05150590401498,4.94313684326021,1.46590887984812,0.896428628322552,2.69418240620085,7.23078572701044
"60",1.63414922325455,2.54277342443384,2.58856099227168,0.955653223180159,0.823610902622057,0.190528077606827,0.157858311748079,0.536278712314399,5.04884370602708,2.79655723339269,3.98644203704816,4.9804530368941,2.56720477729428,2.40654396057493,2.91372325158721,4.19358219788168
"61",0.422756058291997,0.341544333480191,3.36449030750404,-0.266037241410892,-0.0600132533332709,-0.511216145040237,-0.303588488912884,1.26981108146335,5.05304903082377,2.60684614760061,3.89917715112564,4.97877009071053,2.13290442699873,1.8110240650548,2.82714645939487,5.39131530455929
"62",1.6418968112396,5.11593573514699,2.75438621820111,0.727957751605907,0.873668679606028,-0.355229959492594,-0.843658075465718,-0.365895788280063,5.15128064483273,-1.824589485482,1.86076846573232,4.93945837808574,1.75378924319479,1.29117499172253,2.7515707052818,6.43685626849621
"63",0.670461129451876,2.1760719132305,1.00215409321745,0.573767247859894,1.32877470094798,0.917854902180307,0.176099906992802,1.30315004374008,4.98993978566391,5.45383752201544,5.20875996476793,5.00402603844917,2.17507187488798,1.86884477402791,2.83555244472439,5.27502401368952
"64",1.31216553174308,1.8128275566313,4.31868492190522,2.22088576477635,-0.133370388722892,-1.03722124422284,-0.013635148968317,0.908883994405167,5.05332357195254,2.59446101728304,3.89348013568879,4.97866022096985,2.67597425255355,2.55569048209649,2.93540620038056,3.89361283008052
"65",4.16159899230303,4.17329767154147,3.25939238233934,0.974841382061811,0.434468298132828,0.383511348008767,-0.263160388562644,0.588063308455046,4.75648603651173,15.9854293431104,10.0531693202534,5.09745285211239,7.13039822211779,8.66367104244381,3.82338554022483,-8.39099862808353
"66",0.95776536489496,0.630402168484854,1.27305871071068,3.27110117710575,-1.07057053489039,-1.96695431888711,-1.0479056718414,-1.04870619904852,5.35926766720707,-11.2073234603548,-2.45517968532119,4.856223198294,-1.7734653571659,-3.54545544076554,2.04842048139385,16.1644781957129
"67",6.58615794766219,6.97356799682223,4.96914070058451,2.3549029900444,2.36505553200281,0.129140097542209,0.970942971855096,1.50273500365276,4.57746918398715,24.0612577533755,13.7679561605125,5.16909434077611,8.68407745564392,10.7941019624088,4.13310798010547,-12.6758053381987
"68",1.22244027185651,1.76573157869333,3.04262440750434,3.52958941052608,1.05059284411588,0.516008745900472,-0.0846655682250662,0.318477146041868,4.80591494911397,13.755586671584,9.02746770907187,5.07767169278625,5.18861733002568,6.00106864482947,3.43629591281991,-3.03586764835949
"69",3.36861885883293,0.267623365066157,3.26620869150367,1.5195437741033,1.93975599193716,1.38794224044655,-0.560075795400889,1.81724885991906,4.8199188194842,13.1238424944592,8.73687275876182,5.07206742644914,5.34059499848034,6.20946296267408,3.46659231716479,-3.45499852140611
"70",2.34960540032251,2.30392912679023,2.91703824170152,2.43165776568164,0.540502660915081,0.241177323196189,0.245974409144373,0.138494427157521,4.87982989396494,10.4211273558686,7.49365533018897,5.04809136775571,5.0930180192536,5.86998127286664,3.41723840651854,-2.77221955457059
"71",-1.33495019517133,1.6081733329714,1.3881197923429,0.495303632533372,0.25655948095525,-0.308081823659384,0.209004625624195,-0.696931017008449,5.13616469330943,-1.14267697814841,2.17444026257623,4.94550769274201,0.758957417093418,-0.0729550273686699,2.55325323163459,9.18044837678551
"72",2.23628902209336,2.35030625500257,2.55645503982902,4.88016816645301,0.200146875274757,1.05862276179376,0.835354929808664,1.34078201873121,4.80176666113989,13.9427247058116,9.11354902129702,5.07933181316976,5.24364157276482,6.07651880567965,3.44726487111323,-3.1876159883129
"73",1.56189924213305,2.07204740494832,3.78594509083781,4.02177948447893,-1.09086876180262,-0.497982437603954,-0.0256343047196892,-1.24795335957758,5.09312281208857,0.799033214454608,3.06760429537195,4.96273279977559,2.19905206424427,1.90172681027377,2.84033284121548,5.20889036522048
"74",4.29052622076071,2.14505919279997,6.08190240982205,3.73483529287383,1.56581433705846,-0.113262857023653,0.618512789671932,0.637800064019979,4.77159640841956,15.303768544018,9.7396133062635,5.09140577038532,6.22644536648709,7.42415578583861,3.64318458372005,-5.8980366460638
"75",5.73370368941372,1.5270197564204,3.12117386830572,5.07176279098241,0.121670301966854,-0.12139788403258,0.367462654316574,-0.723273341108844,4.89643710167211,9.67194113163686,7.14903840851913,5.04144526116904,4.87590020569112,5.57226569985295,3.37395646163117,-2.17344224947223
"76",0.569515625554407,-0.0189377224725211,-0.68243465076611,-1.19713380206278,-1.28936418822322,-1.21155516323827,-0.880444718616954,0.148205371675487,5.08915688714728,0.977944467010847,3.14990138401803,4.96431993954883,2.69368828591696,2.57998026056579,2.93893745285215,3.84476026940976
"77",1.1256809336392,2.1364596207932,-1.53514511816453,1.26691935348997,1.58745413986454,1.07040613253423,1.19752167937254,0.771227294805993,4.98313754640882,5.76070090529452,5.34991354060586,5.00674825448419,3.74773147163098,4.02530188511191,3.14905857706773,0.937872401282365
"78",4.47335009283314,6.76585677019128,6.53788045197552,6.14083779341557,0.0480530840530341,-1.19234585446792,-0.144701025132612,-0.74564073116454,4.86230522148879,11.2117023540745,7.85731060496426,5.05510463833236,4.14960425795273,4.57635656319322,3.22917100775185,-0.170430505963225
"79",-1.45346079822866,-0.768570578475574,-0.648899915156266,0.894636137576175,0.334678773100549,-0.132289242392884,-0.472743808479389,-0.240811322430393,5.12587198989792,-0.678351382782093,2.38802461871111,4.94962677194811,1.54828503350315,1.00938418634734,2.71060390604938,7.00360505270002
"80",1.78865733199245,-0.285714706680854,3.91831953467337,3.29635170085543,-0.366904910633707,0.764480079103482,0.303342740168953,0.517143970944351,4.9540864943574,7.07125523689145,5.95275324164168,5.01837431419232,3.39766782497569,3.5452887648377,3.07927418115383,1.90329372493084
"81",2.47486054498205,4.34725627471245,0.754496350242217,3.43900192502743,-1.24085358580078,0.67585883257353,-0.0582061641003766,-0.83275011753184,4.90894938602737,9.10748555078789,6.88939542737514,5.03643791875879,4.21548510838447,4.66669348587631,3.24230420622475,-0.352119688586438
"82",0.954175247373156,2.66136960697971,1.7725264487337,2.84781658706344,0.309046645446821,0.908341304887536,-0.723971669086299,1.45950094896764,4.9107408605465,9.02666835054187,6.85222045823403,5.0357209812211,4.76164410151178,5.41559582109942,3.35117976577654,-1.85834160881544
"83",4.67103523011878,3.34814442188003,5.00139284659599,1.87606392468259,-0.158030705178362,0.891947025433376,0.303639893387764,-0.00341428036504982,4.86385911749158,11.1416028226116,7.82506563841007,5.05448277831584,4.96415997385082,5.69328896837512,3.39155084671906,-2.41684902140004
"84",0.55679111912797,3.90975782344682,2.77178829350616,-0.935264880352425,-1.83492004662686,-1.87023711314783,-1.26880660012867,-0.589016037641472,5.16755606426837,-2.558808039846,1.52303649755943,4.93294505120867,1.01771377585666,0.281856014416106,2.60483572629721,8.46683841252188
"85",-0.728074904164751,0.288199627721988,1.93385342147258,0.71240296451072,-1.88167865415457,0.250327617605034,0.598487252004026,-1.16208680978001,5.23088400855114,-5.41566539372103,0.208915448481327,4.90760158137078,0.0406586219925722,-1.05789833473554,2.41006199203936,11.1614052118271
"86",3.24837494404131,4.28523351108095,5.90669059365946,3.94864499431094,0.47230056219311,-0.659007536015955,-0.164461012472156,0.646380361647662,4.74586003386119,16.464790771281,10.2736699840407,5.10170531570838,6.54304368789299,7.85828069307661,3.70629774276344,-6.77116578539871
"87",1.8960361876382,-1.08867808994319,1.09798731449398,0.0721620215226799,0.868339647698771,-0.301236955145788,-0.126653112290323,-0.661612668242967,5.1706804674462,-2.69975646784482,1.45820186526094,4.93169468348245,0.155824193901451,-0.899981378638178,2.43301998822814,10.8437964000201
"88",0.0519808343918176,0.714383684423344,2.57951676703399,-1.81434169259482,0.339543659904915,-1.18042686885659,-2.42712963615686,0.344985424624779,5.18512484785265,-3.35137298332919,1.15846587117518,4.92591412762668,0.438271754828257,-0.512684564673878,2.48932527043883,10.06484976921
"89",1.14544142558914,1.77474241401664,0.181459425851331,1.80335772422917,2.27347291299472,0.742665851076568,1.62681716647233,1.15480751130732,5.077765105395,1.49185180825396,3.38629276473829,4.96887886342531,3.0631587099487,3.08660427817808,3.01259054592667,2.82581805925525
"90",2.82285984123146,2.35420961426278,-1.63443840307709,5.45149008747032,1.47431379971599,1.21705962281609,1.06341540535288,-0.483645045282214,4.9007228881311,9.47860025027439,7.06010385898655,5.03973011470273,4.70370525748676,5.33614911027624,3.33962978831139,-1.69855524989545
"91",1.5894014850636,2.92260059178915,2.61772616675876,3.90258270062215,1.08295568079775,0.237629696758694,-0.705749729683634,-0.00582535936977374,5.04602277735478,2.92381528532355,4.04497925609418,4.98158195591288,1.8787468429433,1.46251893997411,2.77648072006516,6.09224256038404
"92",3.63531889274818,2.45428701472531,3.31408068854177,1.35609903580932,-0.126778159792303,0.853910979695807,-0.710797262297645,-0.43677210684963,4.95056335229595,7.23019161831063,6.02586212263077,5.01978425486827,2.93136657785003,2.90588870499385,2.98631808258298,3.18928034913547
"93",3.71384602179864,2.05838118371446,6.53731676232831,0.966848472620139,1.48811992838316,1.92069903519874,2.08603368584232,2.68726317590816,4.87856602488986,10.4781431599085,7.51988193478905,5.04859716070614,4.01520420095837,4.39206495982538,3.20237866048084,0.200224036893927
"94",1.07202551406797,2.96561261487722,2.84558900367449,1.2887554235605,0.204030979829896,-0.401910564962026,0.38736235651796,0.884364815122199,4.98685485034216,5.59300547164627,5.27277559779169,5.00526061137214,3.58342547048633,3.80000275153211,3.11630454749494,1.39100290661774
"95",0.00643851558495534,1.25345851881072,1.06326843693315,-1.74989181317717,2.41363327147105,-0.49490798237997,0.862671113705133,1.21300967105104,5.05630366319359,2.46002280562752,3.83164012694726,4.97746760602968,2.60741123438196,2.46167572620163,2.92173831783734,4.08269901594698
"96",2.0691021342677,2.36403963905305,2.42970760257391,0.54758393151398,-0.0545986553603831,-1.37641296944889,0.128429068206852,-0.94156699788926,5.03314164708792,3.50491028447246,4.31227617550803,4.98673690828175,2.28531513787398,2.02001217790069,2.8575291897665,4.97099016758131
"97",2.95226655660526,4.86388679731322,4.01708204455499,1.66278582411358,0.505861498830513,1.03889358207462,1.5632648694124,-0.454594483434982,4.91931406765643,8.6399128659659,6.67431744797757,5.03229003429451,3.85972631875351,4.17887109041376,3.17138449644436,0.629007957390789
"98",1.12870906061619,2.16382358405843,0.707556456873697,-1.91151612649442,1.08174184817912,-0.11469416121691,-0.730130764159531,1.09829095073433,5.1392475269574,-1.28175011683495,2.11046824148058,4.9442739608965,1.88588068062783,1.4723009773813,2.77790283446669,6.07256854085675
"99",3.76850164005642,1.44755345295366,1.46873169759346,4.54907234713522,1.14625997326498,0.363046714266914,1.12326461889634,-0.0220043915354302,4.79896126822264,14.0692819070109,9.17176385718404,5.08045451487099,5.43209962032423,6.33493562877486,3.48483355649289,-3.70735409726935
"100",0.45171014078919,2.69070506756594,-0.344548117594264,0.638886012278589,-0.151031579052044,-0.156682490887764,-0.331794651278585,0.420478828391168,4.91700622575329,8.74402448978734,6.72220758016491,5.0332136190141,4.08037816944473,4.48143259417616,3.2153709436373,0.0204843252023581
"101",1.85288796172704,-0.0977196625772017,0.215183190287418,0.946985373104429,1.53732753549595,0.373954449071611,0.610428480169009,1.92439791627976,4.887825597424,10.0604242810232,7.32773612443005,5.04489153438448,4.70568010948155,5.33885706032234,3.34002347058829,-1.70400158585474
"102",3.34139193746786,-0.188134504735549,1.14660619661548,2.7709494986469,-0.329041970526538,-2.41968419343338,-0.496576050366283,-1.51214005057931,5.28667334385724,-7.93244017051462,-0.948771583210064,4.88527501838789,-0.708953568911999,-2.08577909353372,2.26062849783971,13.2287195430371
"103",0.922381680044815,1.85487199650991,2.39622378117001,2.2168537072283,-0.998538406003926,0.731194251686578,1.90966728474004,-0.411439492922708,4.93783958454191,7.80418766206048,6.2898936053914,5.02487623168753,3.39775694368683,3.54541096590318,3.07929194676726,1.90304794932721
"104",3.30651535894276,2.44072004412982,1.90688088310806,-1.76565637020419,1.03102518166676,0.433978171093886,0.604119756523759,1.48354373143447,5.00065781642961,4.97032451115034,4.98634962138165,4.99973674574421,2.79538252455954,2.71942509944335,2.95920996923425,3.56430330846624
"105",1.81411796304106,2.65233393733537,3.02978661279517,1.49608746552639,0.213674518441066,-0.630466765124811,-0.523017986760187,0.307484989060405,4.99638292857313,5.16317373352895,5.07505801351832,5.00144753065407,2.4381456901149,2.22957598424084,2.88799561456445,4.54950717313704
"106",5.5590058195503,4.2756045571007,4.15114305864759,6.00806876606848,-2.3359473318599,-0.219464207896989,-2.1313765440827,-1.15435899345632,4.92665027289408,8.30896114915109,6.52208351977497,5.02935412822223,4.28266988072008,4.75881836805661,3.25569733857897,-0.537404885884097
"107",0.563067557361481,0.501524401432487,4.93655415872598,2.01788331944221,-0.19035897759196,1.02465153495959,0.432292339176824,0.397236186388024,5.02054469385843,4.07318545711019,4.573676124308,4.99177813467614,3.61730775500644,3.84646270608584,3.12305890425266,1.29756081320936
"108",5.26713684281661,1.14200182539091,2.49193358778121,3.32360879226942,0.698135808858598,-0.367147710531128,-0.0496213800766921,1.00130390074939,4.91472321648004,8.84701586121307,6.76958240932129,5.03412726586166,4.29602745361144,4.77713449514988,3.25836014051229,-0.57424300325138
"109",2.6000770904116,0.558225449799508,1.75088444383589,0.0237451150417265,0.683473620979851,-0.762875740001154,0.494421819764955,-0.98532529850511,5.07997138708715,1.3923217801072,3.34051011310342,4.96799592250322,2.53960353430503,2.36869667509611,2.90822100624731,4.26970215148333
"110",3.42540665048856,4.59158889566802,-0.294391178190932,4.38445400731534,-0.59831080371967,0.749532412520736,-1.7875634863317,-1.8155196776189,5.00117274748423,4.94709488342761,4.97566426367162,4.99953067337286,2.64201399804263,2.50912361378884,2.92863630048159,3.98726995264845
"111",-0.482088993616982,1.54663898279039,2.09913315863505,0.974867218002085,1.30137267282642,-0.0549449133966347,1.43095844815543,0.536333089103834,4.91134611811623,8.99936390289823,6.83966073090523,5.03547876071109,4.10206369168826,4.5111681445435,3.21969390343133,-0.0393209867413109
"112",0.709772086280416,1.64123045149061,2.16692211681801,3.02610555099102,0.427775678362924,0.918208017961983,-0.0830510326837268,0.0749328979711514,5.14170647245096,-1.39267834284373,2.05944255182292,4.94328990541112,1.1677409451414,0.487575775214887,2.63474330304572,8.05308671411507
"113",-2.10467396780391,-2.88662901663255,1.33873624705018,1.24172382650775,-0.415097169645636,2.23125193741047,0.708383573200505,1.00491613917192,5.03721553973551,3.32112838059124,4.22773864408303,4.98510656046916,1.70207250628664,1.22026013812128,2.74126109079238,6.57948301959615
"114",2.87057789781536,3.67401428650022,4.34593776350496,-0.98465587355524,-0.34075354094095,-0.379773609406732,0.885572756277574,-0.22664966291102,4.9780315958203,5.99104112322759,5.45586735325405,5.00879162579838,3.39313909663642,3.53907889688432,3.07837138940601,1.91578325633325
"115",4.22055419327764,2.27025393835216,3.20686508463946,2.45773284408803,0.0201363027607609,0.336526961792104,-0.233613206877785,1.57953871839758,4.85176369403789,11.6872529275261,8.07605832004578,5.05932329545163,5.24353027539087,6.07636619286121,3.44724268423355,-3.18730904739199
"116",3.74392990815749,2.26839296744967,3.51748739596086,2.2647253778353,-1.42845961222117,1.02760100888903,-0.420693109595819,0.867509357119945,4.99037365498412,5.43426476038397,5.1997567227917,5.00385240650588,3.60219833390808,3.82574441546567,3.12004687534297,1.33923025662549
"117",-0.185574418203012,3.00301247267338,2.81569733685297,4.63458182740902,-1.99917741100747,-0.171598599280682,-0.00798887215761168,-1.54967647820928,5.14791960967848,-1.67296608911577,1.93051345892469,4.94080344453342,1.98328097376539,1.60585788644996,2.79731936252776,5.80395361661924
"118",2.13030786515861,4.0137158470082,5.94052037773439,3.07607372041296,-0.768323878489628,-0.216564506804144,0.6056415883255,-0.700387320950669,5.10160282351216,0.416481984175332,2.89163519303688,4.95933914921306,0.855295563262287,0.0591454480328468,2.57245802310063,8.91476268939456
"119",-0.645902225510431,0.262479812090334,0.189331314275442,0.691305160660282,-0.224125999053298,1.24876336432254,-0.578929379250469,0.860723929420438,5.11524068338182,-0.198750686030901,2.60863534325372,4.95388135811982,1.96971805073508,1.58726017981568,2.79461562450886,5.8413580578675
"120",5.42460995463856,3.14740718492174,4.13311976545644,3.31628411025645,0.448768189234897,-0.733279378986242,-0.640148872896919,0.38807022747317,4.89770686090959,9.61465960992736,7.12268957689141,5.04093711101035,4.80437543926688,5.47418974527663,3.35969816127497,-1.97618802060644
"121",2.04090141705007,2.56441453822425,4.37073750119576,2.935834561571,0.248959432712127,1.35865102753234,0.0445156059099023,-0.942390018684999,5.00742577567061,4.66500757172735,4.84590739167367,4.99702824836867,2.83415734758596,2.77259378452911,2.96693964247345,3.45736835155751
"122",3.42568464006223,4.0618674636008,4.65633586384307,2.62777446162898,1.04782692647826,-0.00316831961722219,0.446477164318006,1.73180582400448,4.86998327797607,10.865329005191,7.69798290594909,5.05203192540598,5.08718946414967,5.86198906073933,3.41607649724614,-2.75614530225345
"123",5.25376242838935,2.96704478625168,3.23419091580906,5.5837479302855,-0.250414052311195,1.2167472519397,-0.57369970642725,0.829839249851612,4.7879357747502,14.5666652101263,9.40055437316737,5.08486685233799,4.89011675482304,5.59175966951688,3.37679049853455,-2.21264929028263
"124",4.58816781229116,1.40616260329218,1.23905783169843,0.161035526725354,0.246799211870998,-0.514663263928223,-1.13441093951274,-0.289976611597898,5.11425802700387,-0.154420980851356,2.62902649039898,4.95427461140725,1.73371091077924,1.2636432468962,2.74756813514358,6.49222919979736
"125",2.36369438523966,2.46735995101837,2.87161490666796,3.29870531301299,0.255164762454082,0.367858372978206,0.646015485079948,-0.0467861494014777,4.88686899504328,10.1035786353457,7.34758662389501,5.04527436101587,2.57208281728861,2.41323281050514,2.91469567782313,4.18012931903199
"126",0.796214308029967,-0.3230292931776,2.50112798021647,2.43111043809168,-0.511603722189581,-0.0506076386514556,-0.629609493843608,0.665928874054831,4.93989051965126,7.71166564645078,6.24733455775434,5.02405545955175,4.01694840878217,4.39445664673119,3.2027263643641,0.195413781838728
"127",-1.0183330746574,0.326033243589672,-1.02717661162989,-3.20401403574671,0.174135875106149,-0.445770054330149,-1.56586665368603,-0.968249803589389,5.24396650935718,-6.00584464331015,-0.062560120140331,4.90236604169967,0.934971954340008,0.168399046510802,2.58834133138781,8.69502754216423
"128",2.30024026237629,2.01292142619789,1.94538388150099,2.40640356958212,2.04601885213282,0.537374923879238,0.178540683783874,1.20668394027326,4.9219959704039,8.51892656721147,6.61866516221412,5.03121675263096,5.00311917750305,5.74671047925518,3.39931727581884,-2.52429247152005
"129",3.76493032879317,3.23857048807118,1.99453142281971,1.58768843039147,0.441293124842934,0.871576419652043,0.210657474885899,1.26841784188817,4.94290204457062,7.57580939515896,6.18484226732575,5.02285026503889,2.14701870886422,1.83037780413458,2.82996010955007,5.35239030103172
"130",1.73639441391764,2.40516237892296,0.349394691135635,1.33131996173847,-1.17260886019801,-0.628632952819071,-1.17534211550412,-0.205959023888202,5.13565668281146,-1.11975955135642,2.18498201150087,4.94571099554741,1.6585072785879,1.16052277012282,2.73257646122043,6.69962917070845
"131",3.93453452033583,2.77972064070159,1.76423554606565,2.18331505600402,0.130006761402136,1.02603877029891,2.06610743192704,0.916736202345275,5.01291361294214,4.41743963874596,4.73202903111558,4.99483204825604,2.67809490097429,2.55859835063745,2.9358289468451,3.88776441015774
"132",4.22929709072396,4.06735263258131,5.45169969940047,4.15702037881642,-0.534616652198382,-0.980494731705791,-0.719803475127183,-0.613753797815119,4.90702268715801,9.19440300714887,6.92937644315158,5.03720897228398,4.22824609609569,4.68419156540433,3.24484808025224,-0.387312516419152
"133",2.82055019298085,1.44299935046542,3.07641601056652,1.53440776397372,1.99180191472057,0.0180634096939487,-0.222653190994965,0.124277045633704,5.07653007047121,1.54756684281393,3.41192103055495,4.96937311711843,0.716728930946405,-0.130859433020493,2.54483507846649,9.29690800171727
"134",-0.841131009391489,0.801124814880581,3.8308930010399,2.71407846350245,0.587559463498313,1.00488346163044,-0.210511269260361,0.445915750676654,5.03814136864675,3.27936228248928,4.2085267262814,4.98473604919877,2.80930950846359,2.7385220124295,2.96198628196461,3.52589484370978
"135",4.33050677989252,3.78680973493047,2.37866912748589,2.80422554153292,-0.0428929778975765,1.01363267720746,1.21290163684691,0.29903076811116,4.95797808933404,6.89569716607104,5.87199857746927,5.01681692083258,3.2693901852538,3.36939232231177,3.05370232391363,2.25706358912004
"136",1.45350378637615,0.914940061109156,2.60604830862132,-0.149574888288899,0.0459937666619196,0.588271248161265,-1.13864941276287,-0.371386835169026,5.2042068467215,-4.21220226513396,0.762494445668752,4.9182776242117,0.685235660601907,-0.174043531426999,2.53855696627934,9.38376156401232
"137",3.73273226422555,4.36312214374298,1.40794268664986,3.88707490306325,0.574872884002481,-0.165695895768803,0.0874693228750911,0.107553662777891,4.89510811284197,9.73189462540018,7.17661631611514,5.04197711466141,4.27770870065033,4.75201551506609,3.25470833855713,-0.523722719582178
"138",6.86045330468902,3.46510112685766,5.48824099249094,3.21667914493705,-0.723653214316312,-1.22307140884003,-0.812099121734231,-0.964055519102573,5.03030788943776,3.63274707869752,4.37107960925664,4.98787096138182,2.03987424323207,1.68345952296028,2.80860110274917,5.64787814394407
"139",4.2214228364056,3.54342052610227,5.95251432598702,1.62250415127779,0.834095065661453,1.74196439364927,0.848951904447518,1.17143072483727,4.8155663714875,13.3201906186177,8.8271906048922,5.07380925046972,5.615009079093,6.58574413422849,3.52129614325125,-4.21179005764274
"140",1.89740422774928,1.03604093703792,1.32234953931983,0.568497279370332,-0.0704153139057291,0.485585244664039,0.316790774818298,0.370035343901368,5.03772512862345,3.29813974929345,4.21716414191653,4.98490262600141,2.94406104044896,2.92329556417657,2.98884869497984,3.15427098725981
"141",0.332312838929999,2.1685329757776,-0.275729930817625,3.40273790190215,1.112915127616,-0.298674235802492,1.45358964696977,0.842955230176762,5.1170482872791,-0.280295516600186,2.57112567265388,4.95315796570011,1.59947967603366,1.07958313541615,2.72080944220589,6.86241815703762
"142",-0.372413170627501,0.98886764048882,1.74251935068363,2.0174534827582,0.180822010712195,-0.394772669986203,-0.205122379642475,0.190655517519574,5.02404382784367,3.91533213072906,4.50106543599937,4.9903778018907,3.10124970021451,3.13883528035876,3.02018389865227,2.72076900719611
"143",1.39650667226724,1.83595483134551,3.31389162117957,-0.166286534985636,-2.06371425739842,-1.55279041732692,-0.727041410341762,-1.31869481484345,5.12841643240961,-0.793136559900073,2.33522477654598,4.94860850106028,1.13508788114399,0.442801348376606,2.62823398861799,8.14313880768935
"144",0.436520576935836,1.77321337572694,0.676918721746745,3.38782968084036,-0.800527545484263,-0.950791385751871,-0.391284698155625,-1.82809938952871,5.26361281398583,-6.89213095009766,-0.470241480107211,4.8945037064475,0.489270227051119,-0.442754607608043,2.49949170048836,9.92420388087548
"145",3.34650772670967,2.79825034515444,0.252761968013118,2.14064808970657,0.871229240582207,-1.44273790691936,-0.601477887795499,-0.915569030466618,5.20102564880935,-4.06869170668493,0.828507628079495,4.91955072085565,0.274732334721915,-0.736932549527849,2.45672405706157,10.5158661627609
"146",1.36716826360601,1.5063147704078,-0.304983793437878,1.9305724061773,-1.24860020954842,-1.55779524423774,-0.731277847075625,-0.979108011011018,4.99248727017466,5.33891511389301,5.15589699794195,5.00300655017126,2.79680333201041,2.72137333435525,2.95949320398489,3.56038494155504
"147",-0.0779128806140661,0.56921559404581,1.45330000905968,-0.252696557369725,-0.30085263245286,-2.16026670206301,-1.90167644449337,-1.19450633184281,5.2316015470769,-5.44803507249753,0.194025773932331,4.90731442668431,0.747494156527114,-0.088673641756432,2.55096805657723,9.21206227412957
"148",3.16598281136013,0.302728501326423,-2.76543906620164,1.41099700659897,-0.87803515301306,-1.12903971110202,0.187921449002047,-0.315973575802696,5.12304057948204,-0.550620477254203,2.44677934489453,4.95075988569886,2.17672888430286,1.87111689301872,2.83588276580213,5.27045423834183
"149",3.681079653922,2.34544103018968,3.49874162116379,1.05365107417309,-1.04384462163877,-0.927824966463835,-0.889845914614892,-1.25319943916437,5.12698696336501,-0.728650191386762,2.36488775363757,4.94918056614192,1.85879316459242,1.43515812288365,2.77250299943269,6.14727171507981
"150",1.74570278634868,-1.48995707795663,2.68077555476412,4.17490759947027,-0.964053610494564,-0.526890456279356,0.108201598698264,-0.16634336125759,5.03194646254508,3.55882758415947,4.33707750425903,4.98721521408743,2.78688408222818,2.70777189334805,2.9575158239839,3.58774069627524
"151",4.14802452056398,3.02664592502051,3.00379526084262,0.64750303860913,-0.200147012715761,0.235788677713819,0.660112187232624,0.0628524252800123,4.94575205313219,7.44723948798873,6.12570161017629,5.02170970841992,4.73285091769615,5.37611412644753,3.34543990972976,-1.77893446700868
"152",3.58077068777646,2.42538303603867,1.59626120172679,0.167994921533022,0.455805198945874,-0.764192639950698,-0.306634746984411,-0.486030508797835,5.10348526435504,0.331561100888899,2.8525725775788,4.95858580748907,1.11604105795994,0.416684026240346,2.6244370475112,8.19566699627832
"153",1.40047500670746,0.229620478772691,0.561683703750113,-0.877249822855493,0.195664503560041,0.40728002803595,0.100047853339475,-0.429997433674,5.14445039489766,-1.51646248125339,2.00250329246316,4.9421918038297,1.91787717663242,1.51617510721954,2.78428126355059,5.98432716012498
"154",5.3751789658914,3.65987229277199,5.43372838011045,0.00354653683185369,-0.929714216784719,-0.223651184133405,0.723397517120243,-0.729777297791851,4.94147902067232,7.64000500950674,6.21437150089371,5.02341975081099,4.86098372114644,5.55181196705828,3.37098289418692,-2.13230489519138
"155",1.09360434001033,0.37683252135464,-0.840217801236895,3.1029585537394,-0.384798672297195,0.0939784295672557,-0.549785782098877,-0.114040152394285,5.04626278664294,2.9129879592883,4.0399988124508,4.98148590561116,2.50211677609833,2.31729420600887,2.90074810581558,4.37308482509995
"156",-0.83056383953898,1.13618618789229,2.1507654490824,1.39584037540668,-0.0475961169783602,-0.696051655648004,0.430986347921247,0.590899735642625,5.02419235414918,3.90863179530918,4.49798335988549,4.99031836253914,3.11083224423999,3.15197502480748,3.02209415712248,2.69434183480791
"157",0.249489045008969,2.75489151809729,1.94669602550888,0.056231311659896,1.0241395066572,1.61018700887448,0.464666169959328,0.407542990152539,4.8801136506376,10.4083264928976,7.48776708258232,5.04797781000871,4.96249928193533,5.69101179987795,3.39121979154316,-2.41226909028597
"158",-0.776098095204123,4.22625156997985,0.708726828159519,-1.39419631827954,0.26121800049174,0.676275132380884,0.035194115606282,-0.0915116454185493,5.07575303964428,1.58262034498006,3.42804523254842,4.96968408027298,2.82811125417886,2.76430328024642,2.96573436743251,3.47404254082495
"159",3.0665187255073,3.07059392829623,0.501568672081055,-0.912413499204392,-0.618271527554652,0.974488727129359,-1.92917018431493,-0.525720314327481,5.18465140839498,-3.33001512920036,1.1682902348718,4.92610359530563,0.174814166868338,-0.873942010469411,2.43680559637276,10.7914249955258
"160",1.76739496568279,3.85718975003768,3.58031443811784,2.02182228631539,0.0382128770535341,-0.898542395759608,0.0279224190867021,-1.76322113443111,4.95778992331502,6.90418573271021,5.87590321907902,5.01689222376372,4.14845927366597,4.5747865416117,3.2289427577249,-0.167272816622322
"161",0.331623536831245,1.63531316335048,1.57926917339296,2.38221316284968,0.954968861111918,-0.963028091595719,-1.80121190845073,-1.05596799183734,5.02558693999239,3.8457190817052,4.46904424569083,4.98976025750898,1.67880197517369,1.18835119711386,2.73662216306645,6.64365954053376
"162",1.20840409942221,3.16192896385188,0.766734811493917,1.26162990825379,0.162080393912321,-0.483233520001407,-0.563706961431212,0.0422066403404702,5.05135464037041,2.68328368053887,3.93433752440697,4.97944817577764,3.68357994000552,3.9373362332651,3.13627011438614,1.11479239045483
"163",3.48162904745181,4.45549564791876,0.146809976758842,2.69046658277812,-1.05890092148845,-0.60379834827615,-0.147672503663574,0.839189303731914,4.94679425295252,7.40022365233149,6.10407487435297,5.02129262619799,3.3844754766223,3.52719919639104,3.07664431635832,1.93967617861049
"164",3.21755802346926,0.0958775879126201,2.55600352180286,0.657901286295167,0.479451881240197,1.72475425330593,1.10473899617215,0.824673946941166,4.95302495016761,7.11914373792212,5.97478139335456,5.01879913791682,3.46229240173026,3.633903064068,3.09215694431161,1.72506915055208
"165",4.04050602432886,3.95293125072914,4.58700289718974,3.83598406213938,-2.25653485624939,-2.1888528450585,-1.74222779216196,-0.983804635731372,5.1256489902227,-0.668291396321273,2.39265209510354,4.94971601510304,1.61590567930717,1.10210674550901,2.72408392879332,6.81711778387954
"166",3.72729686831551,5.25476973778552,6.87155843245124,4.41850973599195,-0.32251357317817,0.309556730149989,-0.872917279204494,-0.438187100849654,4.97406639893214,6.16991953176899,5.53814933403654,5.01037847420906,2.61831335151616,2.47662489134112,2.92391163022113,4.05263266528522
"167",-2.49810218066481,-0.194446448615961,0.104830504647962,-0.392552091601119,0.21700603247715,-0.202734145450158,0.0968839888496861,-0.502483905628394,5.22018731342799,-4.93311487876563,0.430883054979508,4.91188233567741,0.089034651321342,-0.991564315175246,2.41970564403144,11.0279916148607
"168",3.13657724155415,4.31883420540608,2.30594204922809,2.47533283253424,0.374345223259504,0.116977015613986,0.125358448947334,-1.38648129501811,4.97226902686657,6.25100278279392,5.57544668343167,5.01109777191005,3.4497166563713,3.61665899194796,3.08964999792793,1.75975110866544
"169",2.79568441760068,1.44482673301051,2.22920939667379,-0.984301921047528,-0.673668581278741,-1.62690391075848,-2.07792080132663,-1.48507219747536,5.12916200724543,-0.826771015853061,2.31975331925317,4.94831012640787,1.20203266907058,0.534597159926209,2.64157928062325,7.95851545022575
"170",-0.239799442795248,-1.41963966517175,-1.28044136220902,-1.33118082772837,-0.160798367745603,0.165205816189538,0.892481372345653,0.575551487980018,5.21001772235366,-4.47434314101771,0.64191270141213,4.9159521460522,1.6295616425624,1.12083203045397,2.72680621417055,6.77945675209997
"171",2.76461028509274,4.0833747616896,1.76151601988122,1.07623444428642,1.01207034075848,0.0502370910146371,0.102752028376861,1.14916619522024,4.90979989298051,9.06911738534177,6.87174651894824,5.03609755089184,3.10703561317238,3.14676902086302,3.02133730730933,2.7048123553139
"172",-0.0833777179790194,0.240222402703337,0.328615394463621,1.38603148145823,0.00120718393810378,-1.45453101638731,-1.17565096438729,0.139327766133901,5.34630247161723,-10.6224360968886,-2.18613832257055,4.86141179310937,-1.42175780367501,-3.0631881679761,2.11853258641596,15.1945232316012
"173",1.35735031566322,-1.92137385882064,0.329347272214944,2.31843809714936,-0.61073725767746,-0.0165975391108709,-0.197498816534621,-0.598613546624855,5.11628593265114,-0.245904088774306,2.58694532817589,4.95346305552639,2.30226817221234,2.04325846179399,2.86090873880426,4.92423632436688
"174",4.38320253702065,1.82507688943863,0.208584630312673,5.99075090457702,-0.350786392406381,0.163846749426277,0.108807182898654,0.956559335249662,4.90901556268132,9.10450018212262,6.88802219262229,5.03641143525214,3.70290641742118,3.96383702195549,3.14012280393126,1.06149295880472
"175",1.67515611504116,1.66878754107655,2.46810932623622,-0.599007212559994,-0.199819784434937,-0.899431509590667,-0.230957782803614,0.225063655959925,5.20095687265382,-4.06558906901159,0.829934805207769,4.9195782446675,0.410596294813294,-0.550633617778178,2.48380823010278,10.1411744018747
"176",0.543561777617425,-1.39634362328719,-0.749412713754735,0.287368813600875,2.28196695572699,0.739422209212351,0.740663146009798,1.63818521886021,5.05875724990608,2.34933632555393,3.7807256375991,4.97648569509689,3.50685077900746,3.69500225535948,3.10103955600495,1.60218404670997
"177",-0.729418915973824,1.65717051826289,1.44841402124544,-0.335648081870736,1.28128612650446,0.0702078424204243,0.993117493889326,0.139356620420457,5.06496158060043,2.06944586059769,3.65197928947068,4.97400275854183,1.07918280032723,0.366143367639569,2.61708943724686,8.29731636264679
"178",2.45264988476213,3.52203952400559,4.39099109557628,2.75487744780139,-0.962178270242238,0.0587572416504828,-0.214185275985324,0.0283915084464504,4.9315966428418,8.08581995105673,6.41944117225469,5.02737462013939,3.43508746620481,3.59659920200406,3.08673370196795,1.8000961495441
"179",1.81272641217791,1.75616991856587,4.21019596762863,4.22366793011014,-0.580503496721951,1.26424476070467,0.771119139380572,0.067723994202753,4.85744547529374,11.4309357716844,7.95815541905753,5.05704948010023,4.13712547681056,4.55924545002707,3.22668339096539,-0.136015960143058
"180",3.66880313551408,2.33671270334548,3.27800598933472,3.45853845953912,0.702748931010458,-0.700425844208302,-0.111698145409018,1.08210806840285,4.72262915585185,17.5127847560788,10.7557349890932,5.11100217608819,6.98251486734987,8.46089091592393,3.79390532804969,-7.9831592381048
"181",-0.0833465885786446,-2.03518452577555,1.00859367477719,-2.1955366240003,-0.188839311604344,0.694088136247117,-0.0127822795067812,-1.69363275075738,5.12555818519946,-0.664194989887206,2.3945363942665,4.94975235473783,0.92369493670418,0.152935811540587,2.58609328343726,8.7261278103492
"182",2.00336737696842,2.43512562954294,3.06695592806657,2.6758714132159,-0.880212545566096,-0.247211507749333,0.805297324837539,-0.549657252966117,4.93827717183669,7.78444717474149,6.28081321155593,5.02470111183274,4.13350747005689,4.55428437872591,3.22596214950507,-0.126038057831674
"183",0.53429238740575,2.97558197789318,4.67580184076186,3.93968508255455,0.275979011382551,-0.697568509059282,-0.970462878270605,-0.962535858075356,4.82416442558026,12.9323142341543,8.64877199376613,5.07036835992713,4.90201185913794,5.60807043526687,3.3791617606661,-2.24545414580633
"184",-1.88730180264795,2.48048616085736,0.772855809266291,1.67147239136631,1.36906206733358,1.49886345896446,1.4407007465985,1.95900714659577,4.90854906748862,9.12554476578795,6.89770245556093,5.0365981238772,4.13019438930023,4.54974142704578,3.22530169435234,-0.116901094196597
"185",3.24406647174212,2.45456804469272,2.44330721837854,4.14691424997724,-0.424424996733506,0.44560042511146,0.178220064770453,-0.779538231162288,4.97068721965189,6.32236144799066,5.60827083681195,5.01173080182897,3.95968983416073,4.31594273267843,3.19131199706539,0.353324063095913
"186",3.42320384497249,4.42678644545212,7.17463309532214,5.30668956784733,-0.831062222281743,-0.372184000564998,-0.233185832134361,-0.613164150804937,4.93375841516012,7.98829783479421,6.37458213665833,5.02650949160623,3.98723818970381,4.35371749800754,3.19680369941256,0.277349964880203
"187",2.41476231477061,-1.6215477070257,5.32662209688644,1.26678011083407,-0.996491243786537,-2.30901115892502,-0.754630819184366,-1.24846608784497,5.26873434236867,-7.12317391524249,-0.576518548273188,4.89245410099189,-1.56396913567461,-3.2581907221222,2.09018307914628,15.5867200612025
"188",6.74946943019079,5.02363640960892,7.10328127472362,5.04562952975807,0.54916088318128,-1.06420114018639,-1.19502459160483,-0.515531787187444,4.99997470512913,5.00114110506321,5.00052489501471,5.00001012285815,2.7283174479433,2.62746434603301,2.94584069795087,3.74925840350698
"189",3.02294150939625,2.88205684612331,2.33106562248318,2.36865664348772,-1.4128135356317,-2.42369517707216,-0.639033266241181,-0.406685747781115,4.9003840253345,9.49388706691424,7.06713561627487,5.03986572559555,4.76809958452414,5.42444768724789,3.35246665170901,-1.87614483121263
"190",4.02566867168851,2.66389858969094,-0.430999158994571,1.75491392787535,-1.0299636420045,-0.750590326865127,-1.51940298956022,-0.574831797126482,5.19512155759277,-3.80234567886009,0.951023693163457,4.92191350334231,1.71707681813338,1.24083430117973,2.74425216641058,6.53810345121791
"191",3.07958121107255,3.60752322687324,3.90255250907605,0.471966817664841,-0.0296783010019916,-0.767813988617681,-0.897976740692054,-1.26351616539367,5.09500078404204,0.714313932210429,3.02863441404103,4.96198124647478,1.15999990368021,0.4769611298455,2.63320014394515,8.07443530762168
"192",2.73748411602239,4.04512338421298,5.01218009081892,3.09300189685063,0.436374262192543,0.712695299088965,0.690413651189534,-0.206492011913397,4.98478595918813,5.68633752236577,5.3157072521278,5.0060885694111,3.11133618460903,3.15266603626006,3.02219461649484,2.6929520453146
"193",1.3562148276344,4.25511813205308,-0.186604106662062,1.16549337461423,-1.78616962823527,-0.433333003574953,-0.884402235773532,-0.807118603970039,5.10609170749996,0.213978944222259,2.79848615745634,4.95754272431346,1.65540371752397,1.15626711534549,2.73195777334439,6.70818831147896
"194",2.91492415871491,-0.344604277434842,1.98007034764201,4.60676127853417,1.03212798487339,-0.257743418838742,1.19221279062895,0.164992780495044,4.87238215258338,10.7571107037672,7.64820374998126,5.05107190993502,4.23380264076165,4.69181079227503,3.24595576485927,-0.402636606074209
"195",1.99187869312732,1.51364282775468,2.61070142179666,1.58780389004197,-0.713187821756013,-0.534775298154706,-0.0975379315423637,-0.500193614320658,5.04968919270758,2.75841554305099,3.96889730452679,4.98011467811065,1.57263163331289,1.04276865072805,2.71545734563533,6.93646090094578
"196",3.62680074815813,4.37992855067309,3.33997189732656,1.4761616373658,-0.900507220547859,-0.694147390029215,-2.60702958989203,-1.45243483299725,5.10931827715849,0.0684215704409672,2.73153146387492,4.95625147016417,2.7978401288004,2.72279500743387,2.95969988707914,3.55752561657539
"197",-0.636441454918176,-0.345322293528596,1.64152898864584,-2.43125292887209,0.455966217539027,0.0813998441858998,0.741139252359036,0.703829177068913,4.97369643343016,6.18660945715634,5.54582650497729,5.01052653222115,4.30474951339735,4.7890943292345,3.26009886339626,-0.598297093368735
"198",-1.77265031746509,-1.01870503218052,0.380258973274778,-1.54724884669294,0.645646746355588,0.890974961594227,-0.907338011345539,0.160609439950012,5.11980483141505,-0.404649046076869,2.51392450004692,4.95205481299308,0.66382711601194,-0.203399285408727,2.53428922135386,9.44280301448256
"199",3.77349807419212,3.46416276312256,2.80056694937962,4.30423790850945,1.63006733460683,0.398921254539813,1.04604117578766,0.882120139255087,4.84003845384182,12.2162032836366,8.31936931208371,5.06401566743081,3.93652446420444,4.28417799040579,3.1866940329781,0.417210565849608
"200",2.77673032563874,1.6159830388133,2.50831356232487,3.2490652449908,0.557012225188023,0.0429211205298886,-0.329356377117196,0.124534284786262,5.00491373845478,4.77833087748929,4.89803479007208,4.9980335508482,2.82468055449552,2.75959904752915,2.96505046521287,3.48350387924434
"201",2.71256668972409,1.21657623279459,3.37292032704642,4.14846804723271,0.207814830703413,-0.0565950556560568,0.0760777871786394,0.382026648150852,5.07351806534196,1.68344475738766,3.47442328584045,4.97057850380845,2.38625818677695,2.1584269728583,2.87765195817363,4.69260487160405
"202",2.55254911308667,2.52587115353541,2.23597818242912,5.74609813481142,-0.776183890462463,0.598897858027823,1.73781789236129,1.55796631761663,4.90856543173223,9.1248065401874,6.89736288039826,5.03659157500341,4.14461651182589,4.56951728238142,3.22817671184663,-0.156675074590106
"203",2.55263106427159,2.00214223189272,-1.9104881894289,-1.31385650202864,-0.454417850707568,-1.80587560857112,-0.709178706419645,-0.0464509563344037,5.2011901779754,-4.0761139649515,0.825093475879501,4.91948487725368,1.18924853949812,0.517067347891453,2.63903079331809,7.99377209972782
"204",1.84465359877887,2.27963856635657,2.49356155373894,3.45337969946335,0.778106697935667,-0.675938598154515,-0.874825919826402,-0.0874300372510804,4.89451791999429,9.75851947160684,7.1888634347125,5.04221330635851,4.25114434559485,4.71559002764378,3.24941279448078,-0.450462342320615
"205",1.61169518135909,3.90957709302717,1.00226136158264,0.220167699767119,0.626081345376854,1.06902166935507,1.23161559774445,-0.0335721653399362,5.14811981137369,-1.68199761053481,1.92635906445139,4.94072332499565,0.451514256447845,-0.494526225230782,2.49196513317448,10.0283290005893
"206",-0.457972355107628,2.05670998264442,1.06417151035753,2.41453906936037,-1.31260505619999,-2.39919578143135,-0.824991124583736,-0.47951831441384,5.10691061674939,0.177036217944119,2.78149293441474,4.95721500166119,2.63198259903155,2.49536839188553,2.92663656378557,4.01493499757344
"207",1.46458715688583,0.707106384811573,0.789047277565703,-1.68905919326008,0.335850688825044,-0.749303331602395,1.14221781860432,-0.11043530634603,5.07315596119655,1.69978004037247,3.48193732541399,4.97072341575201,1.98135810145216,1.60322121181156,2.79693604228277,5.8092566006668
"208",-0.33923052082823,-1.66729253418157,1.71952670885772,-0.516210888369481,1.77903836149569,1.3670473248453,2.02057980073454,1.55303038042207,4.73320700863836,17.0355954699966,10.5362334853221,5.10676898178383,6.2846505407292,7.50396769310464,3.65478765351138,-6.05855750247636
"209",3.57891970558036,5.41609862412135,3.3518391580079,4.03556633380294,-0.0646522280998777,-0.909218463814006,-0.780648490662157,-0.475871810212962,5.03716348607757,3.32347663106997,4.22881881190395,4.98512739203609,2.42227885483382,2.20781911464035,2.88483259685114,4.59326544756952
"210",-1.50213503879216,-1.16904516868149,-0.131928271187638,0.272120796769107,0.282074067985043,0.112268352220083,-0.0138660471939728,0.24017713105037,5.12159598492604,-0.485451764967478,2.47675619216033,4.95133800392096,1.54253869862432,1.00150471596623,2.70945838719283,7.01945255436964
"211",0.481203765402236,5.89091408052046,2.04215798604106,2.70514693996141,-0.524372042597516,-0.726321473328387,-1.60547575038453,-0.0450059753610158,4.98551454954014,5.65346927235913,5.30058824063025,5.00579699184895,1.81391328294775,1.37361807943261,2.76355629657113,6.27104347817651
"212",3.29958373430704,2.60472626978138,1.58382885915435,4.02480809041001,0.046932368001524,-0.0489545265193208,-0.605631568548692,-0.347795870414667,4.93871932808309,7.76450057236248,6.27163800719779,5.02452416351046,4.26068207092132,4.72866831594369,3.25131411844475,-0.476765911677929
"213",5.2310906464144,3.56411385667041,4.51658023120609,3.6739234996547,-1.0867828557013,-1.45210959111188,-2.4131150428347,-0.461900847971752,5.02424499350095,3.90625712294434,4.49689103830525,4.99029729658099,3.19367859201893,3.26557532086978,3.03860938910576,2.46586443792203
"214",4.03291043540432,1.01391454878958,6.13889053680326,2.34216218920199,0.125964082145297,-0.904174670503799,0.690824253435186,0.471936498030452,4.73435390646702,16.9838564859975,10.512434156371,5.10631000003641,6.83286350527881,8.25568646825459,3.76407266761893,-7.57044395779262
"215",-0.917698828876185,-0.0666569204181644,0.578122034963517,2.96561210822869,0.742382274584664,0.175668090893036,-0.0392567590546696,0.142180776223305,5.00499800345851,4.77452950515217,4.89628620315127,4.99799982849065,2.74116765581396,2.64508476573411,2.94840235781527,3.71381952029196
"216",3.82241935354264,3.15795491904122,0.724440997677806,1.0568779111458,0.404690656237582,0.895091698328234,1.7310569112852,0.355254324848709,4.90127023251913,9.45390838860495,7.04874589072232,5.0395110707065,4.37820400019313,4.88981634862117,3.27474184914238,-0.800873192166367
"217",1.67343013554141,6.25868600933456,0.272966473431696,4.33962508355802,-1.01556474815148,-0.420436207465309,1.98887074929137,-0.200633129506951,4.77210326627187,15.2809031155071,9.72909547594147,5.09120292886192,5.0794077788716,5.85131868388927,3.41452523589264,-2.73468461939434
"218",0.945531485532158,4.35834662649169,0.574319182283358,2.19663759680436,1.14568121778476,0.362311383777176,0.111935283060355,-0.156652077583943,4.92638812407653,8.32078723612917,6.52752338179855,5.02945903863304,4.21850514465595,4.67083461006291,3.2429062436224,-0.360448480914743
"219",-0.199101883405502,2.46538541422873,3.84509626908508,5.11220567985885,-0.211244627717603,1.31620474545812,0.614776854551133,0.815201742946196,4.84697774034692,11.9031574093817,8.17537186253395,5.06123860589454,4.50561628106458,5.06452619663515,3.30014119905369,-1.15225653066287
"220",3.59520131517904,5.99023146239549,5.89721264547579,4.1621488119637,0.838735792432261,2.21354867645021,1.65071828895522,0.0475201019562801,4.60018426551483,23.0365324375422,13.2965944716857,5.16000389910645,8.9672295417557,11.1823648330762,4.18955370781775,-13.4566949403602
"221",2.9540744765694,0.793493879345536,1.61342224244569,3.77076077898407,-1.03351133546615,-1.89326417427867,-3.3014205348126,-0.53663424486937,5.13030893959419,-0.878511557127038,2.29595327397384,4.9478511308457,0.826335390222617,0.0194347749673236,2.56668487812987,8.99463036161983
"222",3.0825682869647,3.33345027907155,1.11007863309299,1.42570495800141,-0.493723874282408,0.0951927035021619,0.83194321346175,-0.296286263283526,4.92074066448186,8.57555606932706,6.64471407243639,5.03171911865804,2.79971040124722,2.72535955625674,2.96007272165977,3.55236769481334
"223",0.470787972492863,1.92006651713195,-0.153874024109265,1.947910582379,-0.134967648662221,0.23584692496955,0.218056037752482,-0.532416125410088,5.07890539813562,1.4404107937302,3.36263049826919,4.96842252499516,2.15870607302971,1.84640371312129,2.83228995915287,5.32015836066771
"224",-0.232832823867084,4.0506912447441,2.69142866439986,1.01893773995629,0.730815610006591,0.837942033668612,0.287401350667494,-0.50233721307075,4.93721806391218,7.83222577069838,6.30279080821723,5.02512496057825,2.85374795738469,2.79945675595564,2.97084498621151,3.40334048370067
"225",2.48209186500245,1.63057908414821,2.64363906337434,2.57413654115913,0.633333595568586,1.5529350842083,1.85594403985562,1.70043137892503,4.84345395378304,12.0621228656669,8.24849411762214,5.06264880449657,4.48225885541617,5.03249810438909,3.29548494909871,-1.08784036805368
"226",-0.0282283453229488,-0.384710015511198,1.0182549849034,3.24289777346802,-0.483135068652272,-0.701727464827556,-0.87479677224234,-0.840390569890069,5.15085158184931,-1.80523354785705,1.86967197119545,4.93963008656139,1.63057797425768,1.12222564145285,2.72700881759447,6.77665386668213
"227",4.16923401734184,2.00283441160945,4.0727492602606,2.98441111384678,0.709185621253385,0.576638912636429,-1.08710389372359,-1.42124351409541,4.82061572502283,13.0924036133218,8.7224112402663,5.07178852896245,6.49923380753376,7.79820785326305,3.69756434223717,-6.65034492013778
"228",2.60262730343681,2.7522729820085,6.65732528134431,1.62895022841364,-0.0228340937343522,0.118433717289819,-1.85217836966511,-1.08460289225043,5.01997027810988,4.09909856504435,4.58559585160454,4.99200801247121,2.64177437877949,2.50879504385227,2.92858853292364,3.98793078546672
"229",2.20183971802571,-0.982091240065711,2.03644752146169,3.04793923589341,0.0275611516966839,1.27972431328545,-1.20773861287077,-0.967629135434315,5.11656757073694,-0.258609377816399,2.58110104346136,4.95335034562536,2.17097848185355,1.863231845117,2.8347364360846,5.28631295774092
"230",4.89132448220231,0.111212852969279,3.00822887806423,5.022030654131,-1.08030684721822,-0.388255963775033,-0.219391843876224,-0.675515761716821,4.91791333807349,8.70310273664801,6.7033840511943,5.03285059801307,3.25591514061485,3.35091511599579,3.05101610425322,2.29422567537449
"231",1.17196827391539,1.21852863653899,1.40383393613793,2.0257280332477,-1.61232868794999,-1.35223875539717,-1.44582403954482,-1.26275243824303,5.1423095438324,-1.41988416691544,2.04692819018647,4.94304855980076,2.31048346836966,2.05452341312536,2.86254643950546,4.90157980985546
"232",3.33031975149194,4.94769260160957,3.27007353546178,3.69736431133037,1.62288518113168,0.225342118673864,0.678345392644075,0.0739768188007526,4.82754895742863,12.7796308522765,8.5785394196063,5.06901389024102,5.25374985297625,6.09037944836922,3.44927993390259,-3.21549305968198
"233",6.97599575444292,5.23468312380511,5.04512549623058,2.69167836882044,-1.24022784904392,-0.0693668894844397,-1.29436630427053,1.51138246835766,4.93680072808636,7.85105267146949,6.31145096290037,5.02529197591459,3.38335721012513,3.52566581068895,3.07642139246228,1.94276018442544
"234",2.00571209524445,1.61950790529342,1.8570355689669,0.960748716246896,0.0925629378272146,0.0984625964665994,0.00934124083045632,1.5076214699155,4.97881582567584,5.95566285767167,5.4395937638906,5.00847778163503,3.57336856547599,3.78621255537654,3.11429972623568,1.4187382931386
"235",0.626368695114599,0.0647677964889046,0.546761090366219,2.9726820499964,0.663927110403606,0.114599281603852,-0.692681192474694,-0.799725098295184,5.17288823164032,-2.799353374787,1.41238845016051,4.93081114927182,0.355330944778299,-0.626414388980242,2.47279120761555,10.2935876784101
"236",4.09817325311866,2.42559143282136,0.0881648535919861,0.817578730779168,-0.78498930533731,0.659681552846605,-0.196072061305511,-0.678963025651723,5.13916520224422,-1.27803627510318,2.11217656534423,4.94430690676122,1.3150438287234,0.689559949947573,2.66410779960331,7.64684817377042
"237",1.08447893351898,1.72174575567795,0.520041746183879,4.50440736869967,0.792059477880274,1.56098980807657,0.217267179894727,0.290829055386123,5.01192619922525,4.46198395753534,4.75251889801725,4.99522720540246,2.96894781563191,2.9574207260529,2.99380981730426,3.08563711548243
"238",1.4554649311633,-0.374881034440467,0.796181815233582,-0.620450105164379,0.345284186723786,0.168446688254724,0.503040459563821,1.60938575942072,5.08212394522745,1.29521533488129,3.29584228133386,4.96713448142976,2.73181309375162,2.63225763396181,2.94653754703358,3.73961795373302
"239",2.31231141455065,2.56082099723492,2.87171627549152,-0.128170898574767,-0.0603865541209644,-0.273288571645032,0.2851142057312,-0.0511505060207482,4.95985409949088,6.81106638461703,5.83306940546921,5.01606615263121,3.22089963651219,3.3029012718195,3.04403584273572,2.39079301289153
"240",2.4414225819413,2.75842660368263,0.079289351511463,3.33035034418982,0.627765061532786,0.119917823921599,0.611362408357084,-0.896484253006593,5.03320692867613,3.50196529411383,4.3109215143051,4.98671078297513,2.40358176703839,2.18218135551147,2.88110537470277,4.64482912011964
"241",3.56834175818868,6.76722845068292,4.36775164311742,4.24972265802277,0.0139036583033916,-0.440104329675639,-1.11414083281637,-0.711645258058774,4.91482745049264,8.84231364469899,6.7674194445901,5.03408555202452,4.22057430505729,4.67367187737154,3.24331872606677,-0.366154904853898
"242",2.19317166816487,2.21742449065434,-0.881678015729308,-1.26005434665115,0.371994945422908,0.265968825413928,0.77888171130634,1.09805753480924,5.04884861214493,2.79633590805156,3.98634022997366,4.98045107349466,2.98856243917138,2.98431662552188,2.99771994812721,3.0315430214476
"243",1.84492206641759,0.916022807446661,1.67636599574392,-1.72878581995906,0.828464029727859,0.133216144783186,-0.763874936481205,-0.172172943671999,5.07687328440619,1.53208373712943,3.40479898259637,4.96923576492569,3.24649490402396,3.33799793021281,3.04913820140286,2.3202052289944
"244",-0.997396509053516,-1.40652353446435,1.47558631767678,-1.46894863612991,1.16965543651082,0.479626100285629,-0.787082522794369,0.604022300566177,5.18986793547715,-3.56534368636722,1.06004184437982,4.92401597193078,1.61274282030018,1.09776978040156,2.7234534200065,6.82584045919362
"245",0.400972092846938,1.33883155856147,0.719558615262009,1.34634645325089,0.281819310693371,-0.206023027091027,0.166814502213866,1.14324870533236,5.24902605596239,-6.23409147952249,-0.167551001622485,4.90034124098595,0.475215801823601,-0.462026270265904,2.49668998261851,9.96296380906542
"246",6.61012396409138,2.35719128504794,3.15694191658595,2.71399585962856,1.29919609375684,0.254433345400129,0.526584302962159,-0.629504969199941,4.75040218653134,16.2598846685312,10.1794155676125,5.09988757299624,5.06754006770297,5.83504548007906,3.41215943452281,-2.70195530992571
"247",5.02479085366491,2.17960844472827,2.93408574692076,4.27918878339863,-0.727753325968744,1.37531053812663,1.43897219046894,0.340390576593984,4.84045508015626,12.1974083904231,8.31072388050361,5.06384893603674,5.67619768611043,6.66964697435571,3.53349395361608,-4.38053875960991
"248",-0.1171810718968,3.80825807237602,3.00054107033477,0.474434735841971,-0.692465145302773,-1.52976306540287,0.995171332571229,-0.216141465021616,5.04594894547727,2.92714599729588,4.04651134473883,4.98161150299485,2.93680906348956,2.91335153222209,2.98740302978116,3.17427081661116
"249",2.90915561811548,2.08511899936069,2.84292531525518,2.3170367054369,-0.593948909367117,0.636659246972492,-0.883571293764078,0.364184193652586,5.13209668380853,-0.959160475443378,2.25885571255688,4.94713568615399,0.944080343742586,0.180888622219615,2.59015706820676,8.66990801479439
"250",4.14103207355669,0.730341522614262,1.4370283725979,1.68309543549816,1.4408703022386,0.538422453769507,1.84473018064904,1.46319667401291,4.82205446088787,13.0274991989612,8.69255596696271,5.07121275535392,4.97875781274665,5.71330576893296,3.39446089287418,-2.45710760032955
"251",0.0084025502973335,-0.797053698241896,0.37442134077494,0.187455313276274,-0.678807618879959,0.157965609953877,-0.748847704904188,-0.739573892223642,5.06620328925268,2.01342976004816,3.62621253681165,4.97350583406193,1.37039970772406,0.765464855979697,2.67514286883501,7.49418523236773
"252",-3.09868554950086,1.25298331956305,0.459233009223865,3.97374199404206,0.774384606617658,-0.0247079076379758,0.229947361651088,1.05050264976038,4.9808465452604,5.86405280709301,5.39745420952705,5.00766509963306,3.2947313067689,3.40414049146882,3.05875401915137,2.1871767005225
"253",3.37039647610219,1.91104200601305,6.99526677472263,8.04731885619723,-1.20558039559856,0.778774817933029,1.52498112560248,0.760333969385312,4.72008137011723,17.6277207530465,10.8086042066295,5.11202178491412,6.68286756229422,8.05000952548022,3.7341713157627,-7.15677837668564
"254",-0.437423632580359,1.59367536179802,0.707119136149885,1.26159654737021,0.421931174136824,-0.218948188142961,0.468529310271191,-0.228973676118748,4.90803471758312,9.14874817664618,6.90837575381919,5.0368039636761,3.15000828372039,3.20569386459746,3.02990381195399,2.58630038505487
"255",2.45508545713763,0.0418670127849321,1.96534998827412,4.38137854383504,0.288169818251616,-0.450550656910112,0.589602049464878,0.653380362880588,5.00327547970498,4.85223619069539,4.93203037182246,4.99868917233856,2.04190339041279,1.68624192347235,2.80900560864854,5.64228207027061
"256",1.67181999173039,1.5537126550254,4.02570273829681,3.73329802720862,1.24299900805133,2.33814347061757,0.66589661182112,1.82559947619862,4.61395825252355,22.4151587845095,13.0107698414551,5.15449163073494,8.0875334930703,9.97611091537593,4.01418829089456,-11.0306294752807
"257",-1.29698963676257,0.747377471732984,3.18369393869054,3.39626883557221,-1.42726744709521,-1.10982628035558,-0.0737275937863797,-1.23645320898999,5.03633619086671,3.36079766578462,4.24598605241225,4.98545847070067,1.96212681465244,1.57685095008394,2.79310232877156,5.86229351134018
"258",2.83990320762846,3.6691426852096,0.881761614257893,2.82225155130414,0.345640699877904,-0.606987629677256,-0.389505726920573,-0.194965966459122,4.87722767270222,10.5385190545098,7.54765414184199,5.04913276135896,4.43910852710286,4.97332965335903,3.2868830287805,-0.968838445191571
"259",0.0911021296243555,0.252240500083729,2.30894862772156,-0.634513030192698,-0.612318766406044,-1.99131672499104,-0.669391175237015,-0.442815176031132,5.16247566199524,-2.32962036039361,1.62846015595428,4.93497819823771,1.6079150684082,1.09114988635738,2.72249101859001,6.83915465124508
"260",2.53383650174612,3.00881110574737,2.60388674041662,5.41776708892686,0.136714574061142,-0.354910659457373,0.662281179826372,0.962888010069288,4.88084618930846,10.3752801258861,7.4725661393408,5.04768465235263,4.31489076457042,4.80300018225746,3.26212049887222,-0.626265093543845
"261",-0.0446946571505,2.02750108023622,1.18237913250171,0.878884400033051,-2.37367085604992,-0.212925050267988,-2.31519328658778,-1.49783827670954,5.30563388016149,-8.78779001942743,-1.34222253352002,4.87768712357495,-0.760000713145002,-2.15577579047295,2.25045236513509,13.3694996612378
"262",2.92818246770476,0.696705566714521,-0.269893686967571,0.556905673902063,-1.10917311375928,-1.10027417196252,0.338748666068629,-0.045104718205384,5.04938803269709,2.772001507358,3.97514668958749,4.98023520057081,2.80812742325461,2.73690111744365,2.96175063595277,3.5291548516484
"263",5.5035142995109,3.84834457265696,4.3251830632991,3.61908659327386,0.493898085741881,-1.55264519154546,-0.192616730836575,0.184271582374673,4.87314237010267,10.7228156854286,7.63242844169847,5.05076767536704,3.98245681936823,4.34716120312832,3.19585054405439,0.290536243782153
"264",2.94098546390765,0.822135410924198,3.81190016555806,3.31825545121956,0.860947143393616,-0.412383357980637,0.915021958259904,-0.76211058009202,4.89187874006851,9.87757845361787,7.24362917726184,5.04326949060076,5.20261889667467,6.02026782692143,3.43908709345173,-3.07448180077599
"265",0.38709435461659,1.28803617077246,2.39480814472593,2.39933477999626,1.73874301887633,0.17773392575391,1.26346544433358,1.04631658339992,4.99065638951641,5.42151000832442,5.19388968566627,5.00373925781343,3.74257153236191,4.01822649018691,3.14802995484922,0.952102714674483
"266",4.96386803175376,2.42020807998142,4.9506688313707,5.22261254354102,-1.06360051761289,0.459156805849202,-0.174229159367133,0.45233993804466,4.93298910518419,8.02300303306068,6.39054612292195,5.02681736492174,4.69716207914038,5.32717699482076,3.3383254205125,-1.68051017734824
"267",1.67503373619429,0.147162251666976,-0.504501319695077,1.55324840215446,0.218192085822206,0.861236726615074,0.377511675331772,1.24590078316825,4.87039156619136,10.8469102612451,7.68951049864322,5.05186853087002,4.44800012705541,4.98552196375239,3.28865554911309,-0.993360100832093
"268",1.85774653255821,5.0103694771471,3.82991530004135,2.58641134266485,-0.352180864911126,0.280554646266672,0.285226947333966,0.720529912530596,4.9536522930161,7.09084297669598,5.96176337340275,5.01854807900849,2.7466796613979,2.6526429198715,2.94950116365708,3.69861826252739
"269",-0.0510844969942283,-0.0342915393266074,1.198142388774,0.0652013078217117,-0.621042494956867,-0.156635896288353,-0.732928933899892,0.340689443088932,5.1567782412694,-2.07259767502018,1.74668759229501,4.93725827241277,1.37451660496587,0.771110014252391,2.67596356298536,7.48283146735248
"270",3.02846024046138,1.93513962696901,2.14882134658267,1.12306809407471,-0.636686379475083,1.18181952674316,0.827046759816667,0.332207867947297,5.0996285667755,0.505544876401704,2.93260308427853,4.96012923511629,2.16930282867432,1.86093416148505,2.83440239841462,5.29093414970336
"271",5.81008716981741,4.48116132351696,4.47370598894089,1.51616926123561,1.20619647520582,0.529840334513178,1.03858066369437,1.11122870620179,4.87818301671301,10.4954214679133,7.52782975486862,5.0487504383198,6.17702162895015,7.3563851312808,3.63333207346719,-5.7617336321163
"272",3.31958379909865,0.88682383578367,0.6129539103936,3.1568652710863,0.423038432410325,-0.30529376679278,-0.982061854061873,-1.54550138657135,5.13667490536113,-1.16569372167966,2.16385282911035,4.9453035088878,2.37553588642018,2.14372437548795,2.87551449185757,4.7221753154416
"273",1.09459870698354,-1.48097026601878,3.42811745557743,-2.49857393051363,-0.456296359001271,0.363168070477772,-0.226216050834787,-1.03116852840168,5.15810375213674,-2.13239427053397,1.7191818560631,4.9367278107806,0.75606092151624,-0.0769267504914386,2.55267582179483,9.18843646301148
"274",3.14562305971917,4.33473891323542,2.12975444604435,3.60500861344015,2.15647760195008,1.68619679503119,2.87029848889934,2.63723266205639,4.78544369920798,14.6790880026207,9.45226754596987,5.08586416627346,5.17319638507636,5.97992318750072,3.43322178233538,-2.99333907040768
"275",2.87826077677711,4.24154256076901,3.83046543603358,2.85037194141398,-0.611379118364512,-0.662423785551425,-1.60091206093681,-0.133283076534067,5.09402690738913,0.758247565445057,3.04884337271297,4.96237098616803,2.24223360017162,1.96093805370553,2.84894098270094,5.08980237659195
"276",3.83198411588042,4.30271065709065,1.84882076264104,0.781039479318385,1.62365925222734,0.014666337903377,-0.435481738183645,0.998529247164162,4.97197625197495,6.2642104766743,5.58152206850977,5.01121493869509,4.64402855768967,5.25431942258668,3.32773337323012,-1.53397615389519
"277",2.32055507998636,1.68576078752034,0.392726657613576,1.73246668769664,-1.51647903560073,0.90592490743298,0.263628863682643,-1.44247489569301,4.96050919966818,6.7815134316475,5.81947539192597,5.01580398540358,2.83255993894632,2.77040339111697,2.9666212026754,3.46177375719737
"278",-0.639993052973812,0.959255705529021,-0.247416232653573,2.03137120567049,0.354918895732423,0.268549615675978,-1.80762837302488,-0.329131643952141,5.16854632160598,-2.60348064037325,1.50248762255512,4.93254875606201,0.4284043579371,-0.526214904130611,2.48735822719435,10.092062521687
"279",6.84897828232307,2.8379665524175,5.62280663693625,5.63211414312703,-0.587260767867037,-1.06205212036284,-0.35485949560692,0.171644752590208,5.01444866127021,4.34819036570729,4.70017517351571,4.99421773096779,3.95120366966085,4.30430636215076,3.18962029937296,0.376727590547141
"280",1.85961155138928,1.1440672071585,4.24035963259973,-0.859897630722374,1.72700883321405,-1.41631408056837,0.710721024244521,-0.497545716780482,5.07299320089646,1.7071225013587,3.4853147717961,4.97078855146426,3.25996359000875,3.35646641743599,3.05182315347995,2.28306067892334
"281",0.713610416812674,-1.13188063853116,2.80578056387113,0.795348983153032,1.15633016538051,0.877690078706358,1.85780933860329,-0.199268342466554,5.13366205273427,-1.02977757469831,2.22637267085727,4.94650923474136,1.47409847613246,0.90765833955876,2.69581498369052,7.2082000887686
"282",0.950657601060657,6.99025560317213,3.23192721844584,2.59158083785436,0.49463129762884,0.50293113371661,1.18809675152494,0.363660043069873,4.92629497968534,8.32498917639381,6.5294562252922,5.02949631446909,2.99937252113402,2.99913959049664,2.99987491350779,3.00173048953566
"283",2.59973050027229,-0.416725880853409,2.19499573586277,1.44245271756768,1.14401684592874,0.186661001112093,0.0930884096619254,0.376005663681766,4.99141136748762,5.38745135706861,5.17822310348367,5.00343712008169,2.83337421074042,2.77151993420383,2.9667835259152,3.4595281216943
"284",2.93705024506029,0.767009269222034,0.230827552511233,0.387336917242661,-1.06925217238229,-0.930028725801185,0.239887364711419,0.866036869144706,5.13272340656686,-0.987433263092535,2.24585056012409,4.94688487540208,2.08566002167018,1.74624174722792,2.81772839408684,5.52160805778594
"285",0.464020853814436,3.48203097077385,4.56075117886976,2.3786327917867,1.11425467962836,0.18918330491754,0.694517065819318,0.57735166674525,5.02017968770376,4.08965165586328,4.58125038360743,4.99192420798669,4.12838739129698,4.54726364119695,3.22494147338887,-0.111917673550667
"286",1.28212687883064,1.07115146746195,1.56415547698246,1.63257750252305,-1.2590274729358,-0.406591686477331,-1.22823907019661,-1.56196162575495,4.98047150403766,5.88097170896677,5.40523670697987,5.00781518891867,3.29746070294727,3.40788308510448,3.05929811810405,2.17964944856
"287",2.58006877553114,0.996748524931729,0.475963088410633,3.40594107399377,0.725505461365908,-0.250334267700194,0.0407750856105595,-0.640803184213463,4.89264951228916,9.84280729040272,7.2276348478915,5.04296103210353,4.03773321999799,4.42295712709053,3.20686976945269,0.138092491417734
"288",0.902745277793355,1.97626318004219,1.53330366048375,0.0885851622778633,0.0559444258531401,0.454356835420599,0.580426902621564,-0.577384029103758,4.81804170297226,13.208523185929,8.77582488878681,5.0728186374073,5.56624970703604,6.51888446871539,3.51157607275365,-4.07731926079976
"289",3.18212381882301,2.89088834533909,4.9768407034948,3.44818312713352,1.25804225002658,1.9219725556413,1.3644850233793,1.26062347131382,4.65237529529642,20.6820848247773,12.2135760414203,5.13911735677417,7.57950004033839,9.27948695804835,3.91291297155853,-9.62955189101749
"290",1.33690848359829,2.15047517113201,-0.106935170717535,0.0234475753461103,0.0773429033210805,0.261712783486054,0.420367135441623,0.298024273957986,5.02282793137523,3.97018378913583,4.52629655885939,4.99086439648686,2.20679382857711,1.91234244685682,2.84187614441887,5.18753977814585
"291",3.02054650227886,1.93329092515642,2.21023203480201,2.1088358467236,0.653823170914733,0.0361274979667502,1.15208982910392,0.430719246037707,4.96990146083884,6.3578086880498,5.62457615364208,5.01204525787209,3.80679532871096,4.10629123262994,3.16083282333996,0.774983430585868
"292",0.698974762450942,-2.14698394096836,0.753642061408619,1.53066602078945,-1.75569401653616,-0.964207381428877,-0.541643128125027,0.157039288552872,5.33627703416118,-10.170167433402,-1.97810001442053,4.86542391405624,-0.372029929799469,-1.62378377111224,2.32779346298028,12.2995363252185
"293",-0.57743247070025,3.2788805902984,2.19610456653628,3.84570773795403,0.0602104326151076,-1.65004399743933,-0.525999401250173,-1.47701850917993,5.15706375028788,-2.08547759001324,1.74076298168057,4.93714401338731,1.06392303150272,0.345218917705677,2.61404743685813,8.33940044180749
"294",0.0856590575154232,1.33170319393907,0.975798639447665,2.3134071644821,-0.976105703649749,-1.37627193300288,-1.4366919301341,-0.0482879117479286,4.97617549303474,6.07477384110635,5.49438342648807,5.00953442718716,3.74767877465232,4.02522962613444,3.14904807204427,0.938017731388412
"295",0.848280864174614,1.40665075122748,-1.48622768870314,-0.537351476753903,-0.831528899543843,-0.796003965871254,-0.392133953607435,0.198990195003907,5.14280439694934,-1.4422080364523,2.03665947067359,4.94285052250167,1.39299697964982,0.796450612742524,2.67964758386529,7.43186545600176
"296",2.25006776733022,0.901649172370834,1.64609030750465,0.959595884823298,-0.666705010074985,-1.04888336036184,-0.995310754148574,-1.60404974779317,5.04594917244897,2.92713575812299,4.04650663483877,4.98161141216211,2.75693054346998,2.66669910061462,2.95154465380471,3.67034791731117
"297",3.21386027232298,4.63081125496596,1.93841799303185,2.46030495503065,0.920033349469812,-1.42961449938887,-0.600719160249279,-1.41689630180259,5.0133548766396,4.39753330113501,4.72287234808094,4.99465545712658,2.75634900277695,2.66590168230142,2.95142872498334,3.67195171648024
"298",4.87952251673948,-0.368885539821131,1.64791939882388,5.30422321023578,-1.95678478418978,-0.953573665397586,0.28584467493536,0.636168225435297,5.11690514025166,-0.273837851778278,2.57409612312416,4.95321525229632,2.30610158436255,2.04851490057334,2.86167292084301,4.91366436733133
"299",6.38718013812851,4.46482112533439,2.87373291028507,4.19304469411885,-0.562776208352765,-0.884969453065764,-0.922041823689429,-0.0310554407202237,4.85991968705226,11.3193188522115,7.90681293844202,5.05605931514564,4.98704932734603,5.72467523226535,3.39611378754935,-2.47997431350033
"300",0.694451208105961,3.86357895109597,0.86902939114921,2.44638989096097,-2.56169696298002,-1.06633357811085,-1.54046584821775,-1.88025911961003,5.19044943933154,-3.59157655372966,1.04797503147722,4.92378325751756,0.32028473196986,-0.674470341446905,2.46580482438703,10.3902397057819
